file,dataset,method,mean_norm_g,std_norm_g,rmse_from_1g
accel_pose01_20261008_115145_281.csv,training,raw,1.0371310524922526,0.0004754216760598852,0.037134092946061285
accel_pose01_20261008_115145_281.csv,training,six_face,1.0004749660310337,0.00047185332726708626,0.0006693397101073439
accel_pose01_20261008_115145_281.csv,training,multi,1.0002401937737402,0.00047151739913095335,0.0005289606582432482
accel_pose02_20261008_115303_272.csv,training,raw,1.0265239745937493,0.00053101039835895,0.02652928416525718
accel_pose02_20261008_115303_272.csv,training,six_face,1.0010595641351174,0.0005282885376236747,0.0011838436749133795
accel_pose02_20261008_115303_272.csv,training,multi,1.0002594571282053,0.0005282381577121969,0.0005882809848094813
accel_pose03_20261008_115641_830.csv,training,raw,1.0322071043881238,0.0005735820073562589,0.03221220638811239
accel_pose03_20261008_115641_830.csv,training,six_face,1.0046032422796796,0.0005640613250264162,0.004637638030144401
accel_pose03_20261008_115641_830.csv,training,multi,1.0006165516378687,0.0005640048571361071,0.0008354156447857488
accel_pose04_20261008_115829_437.csv,training,raw,1.0332800440862406,0.0005241753119809443,0.03328416769847254
accel_pose04_20261008_115829_437.csv,training,six_face,0.9984998114695146,0.0005193082801649666,0.001587443553565923
accel_pose04_20261008_115829_437.csv,training,multi,0.999957180522413,0.000521613781325101,0.0005231083669682864
accel_pose05_20261008_115937_345.csv,training,raw,1.0216968718426058,0.00047213488770240326,0.02170200304569363
accel_pose05_20261008_115937_345.csv,training,six_face,1.0071524333228545,0.00046719459443257655,0.007167660354408452
accel_pose05_20261008_115937_345.csv,training,multi,1.0005379215135415,0.00046469730482922986,0.0007106948686046924
accel_pose06_20261008_120639_035.csv,training,raw,1.027971856149689,0.001278606164947829,0.028001034540713073
accel_pose06_20261008_120639_035.csv,training,six_face,0.9950956733837857,0.0012813231548103713,0.005068783561815877
accel_pose06_20261008_120639_035.csv,training,multi,0.9994201558808183,0.0012876085695855488,0.001411558392412884
accel_pose07_20261008_121028_848.csv,training,raw,1.0370348062751913,0.0005561982041888167,0.0370389784271498
accel_pose07_20261008_121028_848.csv,training,six_face,0.9998573259109786,0.0005509210266363682,0.0005688289367556633
accel_pose07_20261008_121028_848.csv,training,multi,1.000071099571077,0.0005518063612771341,0.000556094343697997
accel_pose08_20261008_121231_821.csv,training,raw,1.0116000955397306,0.00046292310772658613,0.011609319533751418
accel_pose08_20261008_121231_821.csv,training,six_face,1.0006152299957916,0.0004596440040493663,0.0007678341523856652
accel_pose08_20261008_121231_821.csv,training,multi,0.9990795506059129,0.00045998080261092523,0.0010288818413729964
accel_pose09_20261008_121535_211.csv,training,raw,0.9947988132721871,0.0006583154473708183,0.005242641436012456
accel_pose09_20261008_121535_211.csv,training,six_face,1.000472499517741,0.0006592286088726892,0.0008108042739545467
accel_pose09_20261008_121535_211.csv,training,multi,1.0011881040131865,0.0006580978201969755,0.0013580319563090805
accel_pose10_20261008_121740_578.csv,training,raw,0.9802502374402718,0.0010255292511656706,0.019776343941699456
accel_pose10_20261008_121740_578.csv,training,six_face,1.0027177054149123,0.0010123892659952708,0.002899970657803447
accel_pose10_20261008_121740_578.csv,training,multi,0.9998872150049951,0.0010073587396822433,0.0010131521671901012
accel_pose11_20261008_121925_935.csv,training,raw,0.9919124849362668,0.0004947394377874075,0.008102618234268572
accel_pose11_20261008_121925_935.csv,training,six_face,1.0035441551099085,0.000491155164989379,0.00357799211930231
accel_pose11_20261008_121925_935.csv,training,multi,0.9995026115536246,0.0004886681861057643,0.0006971033396157472
accel_pose12_20261008_122110_497.csv,training,raw,0.97695066561878,0.0005130806023809967,0.02305503857880373
accel_pose12_20261008_122110_497.csv,training,six_face,0.9981056979080772,0.0005116683411784212,0.001962122091597728
accel_pose12_20261008_122110_497.csv,training,multi,0.9999360965087952,0.0005134529200080671,0.0005171594757440864
accel_pose13_20261008_122410_029.csv,training,raw,0.9880157166883078,0.00047520947644185595,0.011993691871869853
accel_pose13_20261008_122410_029.csv,training,six_face,1.0010962925727167,0.0004783076383629881,0.0011959961637536135
accel_pose13_20261008_122410_029.csv,training,multi,0.9996330511431236,0.0004805677534174506,0.0006044550304380962
accel_pose14_20261008_122658_313.csv,training,raw,1.0176873877826251,0.0010951944825918387,0.017721228458453506
accel_pose14_20261008_122658_313.csv,training,six_face,0.9988955960226394,0.001093989082675747,0.001554131090388
accel_pose14_20261008_122658_313.csv,training,multi,1.00063655346987,0.0010933935459313119,0.0012647190426499553
accel_pose15_20261008_123042_927.csv,training,raw,0.987378916191835,0.00045537293576960086,0.012629287930791808
accel_pose15_20261008_123042_927.csv,training,six_face,1.0035355819095289,0.0004551227568153458,0.0035647256592948474
accel_pose15_20261008_123042_927.csv,training,multi,1.0005427361103074,0.00045466101473419935,0.0007078646813568086
accel_pose16_20261008_123431_858.csv,training,raw,1.016318115471931,0.00043938030099298256,0.016324023846745743
accel_pose16_20261008_123431_858.csv,training,six_face,0.9982414606281476,0.0004389640930338442,0.001812445173750949
accel_pose16_20261008_123431_858.csv,training,multi,0.9996111316202565,0.00043863195381356316,0.0005860240691983123
accel_pose17_20261008_135023_787.csv,training,raw,1.0287043072932875,0.0005735168817340905,0.028710030475070623
accel_pose17_20261008_135023_787.csv,training,six_face,1.0048625209909146,0.0005668316867624627,0.0048954149211320064
accel_pose17_20261008_135023_787.csv,training,multi,0.9994061852600007,0.0005641337637986715,0.0008188678782286645
accel_pose18_20261008_135233_283.csv,training,raw,1.0196864598330055,0.0007396008401827213,0.019700334087267058
accel_pose18_20261008_135233_283.csv,training,six_face,1.0058442923151096,0.0007380746002273568,0.005890667366762099
accel_pose18_20261008_135233_283.csv,training,multi,0.999939514253088,0.000736168352285007,0.0007382820766093458
accel_pose19_20261008_135536_947.csv,training,raw,0.9736086174418283,0.0008519321851170407,0.026405115716303128
accel_pose19_20261008_135536_947.csv,training,six_face,0.9995560508415465,0.0008434452551185005,0.0009527745555875554
accel_pose19_20261008_135536_947.csv,training,multi,1.0001125937954245,0.0008461262939889376,0.0008531653640661944
accel_pose20_20261008_135755_794.csv,training,raw,0.998678711228147,0.0015572194654926348,0.0020416443250160132
accel_pose20_20261008_135755_794.csv,training,six_face,1.0015158901107968,0.0015655012518868531,0.002178592711706583
accel_pose20_20261008_135755_794.csv,training,multi,0.9994223961051425,0.0015610540713369547,0.0016637545441496515
accel_tilt1_20261007_150807_042.csv,earlier_holdout,raw,1.0090940650322873,0.0004888234769782319,0.009107180038558657
accel_tilt1_20261007_150807_042.csv,earlier_holdout,six_face,1.002558725122433,0.00048225092733682814,0.0026037295641311246
accel_tilt1_20261007_150807_042.csv,earlier_holdout,multi,1.0012548897139968,0.0004825613780782602,0.0013443886389077088
accel_tilt1_20261007_154202_850.csv,earlier_holdout,raw,1.0132412113908495,0.0005735729978862771,0.013253615963014862
accel_tilt1_20261007_154202_850.csv,earlier_holdout,six_face,0.999374216654245,0.0005636401681004457,0.0008420079243579817
accel_tilt1_20261007_154202_850.csv,earlier_holdout,multi,0.9980985730532368,0.0005638988470032326,0.00198320154336851
accel_tilt1_20261008_140456_435.csv,earlier_holdout,raw,1.0286700232899977,0.0010310691000553597,0.028688539102481505
accel_tilt1_20261008_140456_435.csv,earlier_holdout,six_face,1.0042368439121154,0.0010445716985310529,0.00436358628182905
accel_tilt1_20261008_140456_435.csv,earlier_holdout,multi,1.0010201398571614,0.0010312619052022835,0.0014502147924268481
accel_tilt2_20261007_151051_386.csv,earlier_holdout,raw,0.9984490499809427,0.00043135423757651136,0.0016097597253660254
accel_tilt2_20261007_151051_386.csv,earlier_holdout,six_face,0.9972536634821758,0.0004279984532470906,0.0027794538604625444
accel_tilt2_20261007_151051_386.csv,earlier_holdout,multi,0.9987370178593312,0.00042783786234206194,0.0013334114439531432
accel_tilt2_20261007_154318_983.csv,earlier_holdout,raw,0.9969330521117381,0.0004314419529014044,0.0030971156526482797
accel_tilt2_20261007_154318_983.csv,earlier_holdout,six_face,1.0005050190808447,0.00042853022177007826,0.0006621924077158206
accel_tilt2_20261007_154318_983.csv,earlier_holdout,multi,1.0014538927353553,0.00042848720779455806,0.0015156588573539667
accel_tilt2_20261008_140721_060.csv,earlier_holdout,raw,0.9866015688566544,0.0009164988693257413,0.013429709129771662
accel_tilt2_20261008_140721_060.csv,earlier_holdout,six_face,0.9984539207626566,0.0009162126322898154,0.001796932706064473
accel_tilt2_20261008_140721_060.csv,earlier_holdout,multi,0.9999187320938374,0.0009139113106492521,0.000917062223854503
accel_tilt3_20261007_151251_101.csv,earlier_holdout,raw,1.011112541663164,0.0005228938460998304,0.011124824797356214
accel_tilt3_20261007_151251_101.csv,earlier_holdout,six_face,1.0030576118269456,0.0005168373000899827,0.0031009423984085255
accel_tilt3_20261007_151251_101.csv,earlier_holdout,multi,0.9964990314964288,0.0005138834959383472,0.0035384449457561396
accel_tilt3_20261007_151440_334.csv,earlier_holdout,raw,1.0103352454785668,0.0006115220392439823,0.010353303064602661
accel_tilt3_20261007_151440_334.csv,earlier_holdout,six_face,1.002661431301975,0.0005980110717944674,0.002727723629673379
accel_tilt3_20261007_151440_334.csv,earlier_holdout,multi,0.996131773057673,0.0005940954481939163,0.00391353754670984
accel_tilt3_20261007_154508_721.csv,earlier_holdout,raw,1.0298852174676363,0.0006148147538273932,0.02989153462558021
accel_tilt3_20261007_154508_721.csv,earlier_holdout,six_face,1.0035026320188694,0.0006076539230287419,0.0035548987477130624
accel_tilt3_20261007_154508_721.csv,earlier_holdout,multi,0.9989183178828425,0.0006060971177698224,0.0012397671414549145
accel_tilt3_20261008_140857_268.csv,earlier_holdout,raw,0.999183840553258,0.0005158423156682662,0.0009653721789265716
accel_tilt3_20261008_140857_268.csv,earlier_holdout,six_face,1.001119883968348,0.0005181755077317112,0.0012338466085859041
accel_tilt3_20261008_140857_268.csv,earlier_holdout,multi,0.9993742102100251,0.0005177020048613749,0.0008120099825177473
