sample,t_us,ax_g,ay_g,az_g
1,389,0.827148,0.037476,0.579224
2,22907,0.826660,0.037109,0.579468
3,45385,0.827759,0.036133,0.579468
4,67856,0.827637,0.035767,0.579590
5,90332,0.827271,0.037598,0.579102
6,112800,0.826904,0.037598,0.579834
7,135285,0.827393,0.037109,0.578491
8,157772,0.827393,0.035522,0.578857
9,180267,0.826782,0.036377,0.579712
10,202751,0.826538,0.036133,0.580200
11,225238,0.826660,0.036377,0.579468
12,247722,0.827026,0.037354,0.579834
13,270208,0.826172,0.036377,0.579956
14,292695,0.827759,0.036865,0.579590
15,315186,0.827515,0.036011,0.580200
16,337652,0.827515,0.036499,0.579224
17,360142,0.827637,0.036987,0.579956
18,382639,0.827759,0.036987,0.579468
19,405130,0.826904,0.036499,0.578247
20,427628,0.826904,0.035889,0.579224
21,450117,0.827515,0.037598,0.578857
22,472601,0.827637,0.036133,0.578857
23,495087,0.827271,0.036011,0.578613
24,517561,0.827393,0.037109,0.578735
25,540052,0.827515,0.036621,0.578857
26,562548,0.827515,0.036133,0.579712
27,585024,0.826782,0.037598,0.580322
28,607516,0.827881,0.036499,0.579590
29,630005,0.828003,0.037842,0.578735
30,652485,0.827637,0.037354,0.578857
31,674971,0.827637,0.036133,0.579224
32,697448,0.827148,0.036987,0.579712
33,719942,0.827759,0.036865,0.579468
34,742428,0.828003,0.036621,0.579224
35,764905,0.826904,0.037720,0.579590
36,787388,0.827393,0.036987,0.578613
37,809885,0.827026,0.036255,0.578979
38,832377,0.827393,0.036865,0.579590
39,854867,0.827393,0.036621,0.579224
40,877352,0.826904,0.036865,0.578979
41,899854,0.827271,0.037720,0.578979
42,922345,0.827393,0.036743,0.579224
43,944834,0.827759,0.037231,0.579468
44,967326,0.827271,0.036743,0.579712
45,989817,0.827026,0.036743,0.579346
46,1012314,0.827271,0.036499,0.579590
47,1034802,0.827271,0.037231,0.579712
48,1057295,0.827515,0.036377,0.579346
49,1079775,0.827759,0.037476,0.579102
50,1102256,0.827515,0.035767,0.579712
51,1124740,0.827271,0.036499,0.579468
52,1147233,0.826416,0.036621,0.578613
53,1169748,0.827393,0.036133,0.579712
54,1192234,0.827759,0.037476,0.579590
55,1214716,0.827393,0.036499,0.578979
56,1237220,0.827393,0.037842,0.578735
57,1259711,0.827515,0.036743,0.578979
58,1282215,0.827026,0.036987,0.579712
59,1304711,0.827393,0.036499,0.579590
60,1327206,0.826660,0.036133,0.579346
61,1349693,0.828247,0.036133,0.579956
62,1372197,0.827759,0.037109,0.579468
63,1394682,0.828003,0.037109,0.579102
64,1417161,0.828003,0.036743,0.578491
65,1439650,0.827515,0.036499,0.579224
66,1462147,0.826904,0.037231,0.579346
67,1484646,0.827393,0.037109,0.579712
68,1507138,0.827759,0.037476,0.579346
69,1529618,0.827759,0.036011,0.579346
70,1552095,0.827393,0.036499,0.578369
71,1574593,0.827515,0.036743,0.579468
72,1597082,0.827148,0.036377,0.579590
73,1619573,0.827637,0.035522,0.579834
74,1642062,0.828613,0.036377,0.578369
75,1664565,0.827393,0.036987,0.578979
76,1687065,0.826660,0.036865,0.579224
77,1709561,0.827759,0.036865,0.579468
78,1732050,0.828003,0.036743,0.579346
79,1754531,0.827026,0.036865,0.579102
80,1777031,0.828491,0.036011,0.579224
81,1799514,0.827393,0.036865,0.578979
82,1822011,0.827515,0.037598,0.579102
83,1844487,0.828125,0.036499,0.578857
84,1866992,0.827393,0.036987,0.579224
85,1889482,0.826538,0.036377,0.578979
86,1911981,0.827026,0.036621,0.579224
87,1934475,0.827271,0.036499,0.579834
88,1956961,0.827393,0.036865,0.579468
89,1979450,0.827637,0.036621,0.579712
90,2001944,0.827759,0.036377,0.580078
91,2024425,0.827637,0.036621,0.579468
92,2046917,0.827759,0.035645,0.579712
93,2069397,0.826904,0.036011,0.579224
94,2091877,0.827515,0.036743,0.579224
95,2114373,0.827393,0.036743,0.579590
96,2136866,0.826416,0.036499,0.579834
97,2159371,0.827271,0.037109,0.580078
98,2181855,0.827271,0.036621,0.579468
99,2204347,0.826660,0.036499,0.579712
100,2226850,0.827515,0.036499,0.580200
101,2249346,0.827148,0.036499,0.579590
102,2271856,0.827271,0.036133,0.579224
103,2294344,0.827759,0.036499,0.579468
104,2316844,0.827393,0.037109,0.579468
105,2339338,0.827148,0.036865,0.579346
106,2361842,0.827881,0.036377,0.578857
107,2384336,0.827026,0.036255,0.579834
108,2406828,0.827759,0.036377,0.579712
109,2429316,0.826782,0.036133,0.579224
110,2451812,0.827271,0.037109,0.579834
111,2474302,0.828125,0.036987,0.579346
112,2496803,0.827515,0.036377,0.579712
113,2519296,0.826538,0.036743,0.579956
114,2541807,0.827515,0.037109,0.579590
115,2564302,0.826538,0.036133,0.578979
116,2586805,0.827271,0.036987,0.578613
117,2609308,0.827026,0.036499,0.579712
118,2631807,0.827026,0.037109,0.579834
119,2654308,0.827393,0.036255,0.579834
120,2676793,0.827759,0.036621,0.579468
121,2699293,0.827515,0.037109,0.578735
122,2721791,0.827271,0.036499,0.578857
123,2744297,0.827759,0.036621,0.579468
124,2766791,0.827759,0.036865,0.578857
125,2789299,0.827393,0.037354,0.579102
126,2811781,0.827148,0.036255,0.579102
127,2834275,0.826660,0.037476,0.578857
128,2856777,0.826904,0.036133,0.579468
129,2879271,0.827393,0.036133,0.579346
130,2901759,0.828003,0.036011,0.579590
131,2924234,0.826782,0.036377,0.579346
132,2946728,0.828003,0.036987,0.579102
133,2969215,0.827148,0.036133,0.579346
134,2991709,0.827881,0.036987,0.579590
135,3014206,0.827393,0.036133,0.579468
136,3036693,0.827271,0.035889,0.579346
137,3059179,0.827515,0.036133,0.579956
138,3081675,0.826660,0.036865,0.579590
139,3104181,0.827759,0.036865,0.579224
140,3126675,0.826050,0.036499,0.579224
141,3149171,0.827637,0.036255,0.579956
142,3171665,0.827637,0.036743,0.579712
143,3194165,0.828003,0.036743,0.578613
144,3216663,0.827393,0.037109,0.579224
145,3239158,0.827881,0.036865,0.578979
146,3261657,0.828003,0.036743,0.578979
147,3284157,0.826904,0.036865,0.579468
148,3306653,0.827881,0.036499,0.579468
149,3329148,0.828125,0.036255,0.577881
150,3351634,0.827881,0.036621,0.579224
151,3374127,0.826904,0.036255,0.579956
152,3396624,0.826904,0.036865,0.578979
153,3419138,0.828003,0.036865,0.579468
154,3441624,0.827026,0.036499,0.578247
155,3464130,0.827393,0.036621,0.578491
156,3486633,0.827393,0.036987,0.579346
157,3509131,0.827515,0.036621,0.579468
158,3531625,0.828125,0.035522,0.578735
159,3554132,0.827148,0.036499,0.579224
160,3576634,0.828613,0.037231,0.578613
161,3599158,0.827271,0.036377,0.579224
162,3621638,0.827637,0.037109,0.579102
163,3644125,0.827026,0.035889,0.579590
164,3666616,0.827026,0.035278,0.578369
165,3689124,0.827515,0.035889,0.578979
166,3711617,0.827271,0.037354,0.578857
167,3734107,0.828125,0.036621,0.579468
168,3756605,0.827881,0.036377,0.578979
169,3779095,0.827271,0.036133,0.579834
170,3801577,0.826660,0.037109,0.580078
171,3824073,0.827271,0.037598,0.579712
172,3846558,0.827881,0.036743,0.578613
173,3869056,0.826904,0.036377,0.578857
174,3891554,0.827393,0.037231,0.579834
175,3914048,0.827271,0.036743,0.579834
176,3936538,0.827637,0.037231,0.579712
177,3959032,0.827148,0.036133,0.580444
178,3981531,0.827881,0.037109,0.578369
179,4004026,0.826904,0.036621,0.580078
180,4026525,0.827271,0.036865,0.579834
181,4049014,0.826416,0.036133,0.579712
182,4071506,0.828247,0.036987,0.579468
183,4094009,0.827637,0.036987,0.579102
184,4116500,0.827271,0.035889,0.579712
185,4138980,0.827515,0.037354,0.579590
186,4161465,0.826416,0.036377,0.580566
187,4183965,0.827271,0.036255,0.579468
188,4206447,0.827759,0.036133,0.578857
189,4228940,0.827026,0.036255,0.579834
190,4251432,0.827271,0.036255,0.578491
191,4273921,0.827759,0.036133,0.579224
192,4296406,0.828247,0.035767,0.578857
193,4318912,0.826904,0.037354,0.578735
194,4341411,0.827271,0.036255,0.579834
195,4363893,0.827637,0.036011,0.578613
196,4386384,0.827148,0.037109,0.578857
197,4408893,0.827148,0.037598,0.579834
198,4431389,0.827759,0.036621,0.579224
199,4453885,0.828369,0.036499,0.579224
200,4476396,0.827026,0.036377,0.580444
201,4498895,0.827759,0.036987,0.579224
202,4521389,0.826660,0.037109,0.579224
203,4543886,0.828369,0.036621,0.579468
204,4566396,0.827515,0.036133,0.578247
205,4588892,0.828491,0.036011,0.580444
206,4611387,0.828247,0.037109,0.580078
207,4633888,0.827148,0.037231,0.579102
208,4656394,0.827515,0.036011,0.580200
209,4678872,0.827515,0.036499,0.579956
210,4701383,0.827881,0.036621,0.578857
211,4723885,0.827515,0.036865,0.578613
212,4746396,0.827271,0.036011,0.578979
213,4768881,0.827759,0.036011,0.579346
214,4791366,0.827393,0.037354,0.579712
215,4813854,0.827271,0.036865,0.579468
216,4836351,0.827637,0.037109,0.579956
217,4858860,0.827759,0.037231,0.579224
218,4881359,0.827515,0.036621,0.580444
219,4903863,0.827637,0.035767,0.579590
220,4926355,0.828003,0.036987,0.579712
221,4948848,0.828491,0.036499,0.579956
222,4971367,0.828125,0.036133,0.578857
223,4993870,0.827515,0.036255,0.580322
224,5016367,0.827759,0.036255,0.579346
225,5038856,0.827881,0.036987,0.579224
226,5061352,0.827515,0.036743,0.579834
227,5083853,0.827026,0.036133,0.579956
228,5106360,0.826904,0.036621,0.579346
229,5128862,0.827637,0.036743,0.579712
230,5151362,0.827393,0.036255,0.579224
231,5173850,0.827637,0.036377,0.580078
232,5196343,0.828369,0.037842,0.578491
233,5218850,0.827148,0.036499,0.577881
234,5241355,0.825928,0.036255,0.582031
235,5263848,0.828247,0.036377,0.578613
236,5286357,0.827515,0.036743,0.578125
237,5308858,0.827881,0.036499,0.580811
238,5331348,0.827515,0.036133,0.579346
239,5353839,0.827515,0.036377,0.580444
240,5376337,0.827637,0.036255,0.579468
241,5398825,0.828003,0.036987,0.579956
242,5421327,0.827148,0.036987,0.581055
243,5443829,0.826904,0.036133,0.579346
244,5466326,0.828003,0.037720,0.579712
245,5488807,0.826050,0.037109,0.580933
246,5511299,0.827148,0.037354,0.580444
247,5533801,0.827148,0.036011,0.579346
248,5556296,0.827515,0.036255,0.579712
249,5578783,0.828491,0.036621,0.579956
250,5601301,0.826904,0.037354,0.579834
251,5623793,0.826416,0.036621,0.580444
252,5646308,0.827393,0.036255,0.580078
253,5668797,0.827515,0.036255,0.579590
254,5691295,0.827148,0.037476,0.579224
255,5713789,0.827148,0.036255,0.580566
256,5736295,0.827148,0.036499,0.580444
257,5758804,0.827515,0.036621,0.580566
258,5781310,0.827759,0.036133,0.579834
259,5803797,0.826660,0.036865,0.580688
260,5826310,0.827637,0.036987,0.581055
261,5848803,0.827271,0.036865,0.580200
262,5871300,0.827393,0.036621,0.580200
263,5893793,0.827637,0.036987,0.580322
264,5916299,0.827637,0.036743,0.579834
265,5938796,0.828003,0.036621,0.580078
266,5961291,0.827637,0.036743,0.580078
267,5983786,0.828125,0.037109,0.580933
268,6006285,0.827759,0.036377,0.579834
269,6028835,0.827026,0.036743,0.580444
270,6051346,0.827637,0.036499,0.580200
271,6073840,0.826782,0.036011,0.580200
272,6096333,0.827148,0.036743,0.579590
273,6118838,0.826904,0.036133,0.579956
274,6141344,0.826660,0.036133,0.581055
275,6163834,0.826538,0.036865,0.581055
276,6186341,0.826660,0.037354,0.581055
277,6208836,0.827026,0.036865,0.580444
278,6231347,0.827637,0.036743,0.580200
279,6253842,0.827637,0.036743,0.580444
280,6276349,0.827271,0.036377,0.580933
281,6298830,0.827637,0.036377,0.580322
282,6321328,0.827393,0.036987,0.579590
283,6343826,0.827759,0.036987,0.580811
284,6366320,0.827271,0.036865,0.579956
285,6388821,0.827515,0.036865,0.580200
286,6411320,0.827759,0.037109,0.580444
287,6433818,0.827637,0.036377,0.579468
288,6456310,0.827637,0.036255,0.579956
289,6478807,0.827393,0.036743,0.580566
290,6501314,0.827515,0.036255,0.581177
291,6523802,0.827515,0.036011,0.580811
292,6546278,0.827393,0.036011,0.580200
293,6568756,0.828369,0.037109,0.580078
294,6591262,0.826538,0.036499,0.581299
295,6613768,0.828003,0.036499,0.580688
296,6636267,0.827148,0.036743,0.580444
297,6658779,0.827148,0.037842,0.580688
298,6681286,0.827637,0.037231,0.580444
299,6703789,0.827148,0.036011,0.581299
300,6726284,0.827271,0.036499,0.580444
301,6748783,0.827515,0.036743,0.580322
302,6771293,0.827515,0.036865,0.580566
303,6793793,0.827148,0.036621,0.581177
304,6816303,0.828003,0.036743,0.580444
305,6838799,0.827881,0.036987,0.580688
306,6861304,0.827271,0.036499,0.580444
307,6883803,0.827393,0.036621,0.580688
308,6906309,0.826904,0.036255,0.581299
309,6928803,0.827393,0.036499,0.580444
310,6951310,0.827271,0.036865,0.580078
311,6973803,0.827759,0.036743,0.580688
312,6996310,0.827148,0.037354,0.580566
313,7018812,0.827393,0.036255,0.581055
314,7041301,0.827271,0.036133,0.580566
315,7063791,0.827271,0.036743,0.580444
316,7086297,0.826782,0.036377,0.581421
317,7108791,0.826782,0.036255,0.581177
318,7131296,0.826782,0.036377,0.580200
319,7153791,0.826904,0.036255,0.580322
320,7176296,0.827881,0.036743,0.580078
321,7198789,0.826782,0.036987,0.580322
322,7221305,0.826904,0.036865,0.580566
323,7243811,0.828003,0.036377,0.580322
324,7266300,0.826904,0.036865,0.580566
325,7288807,0.826782,0.037354,0.580811
326,7311302,0.826904,0.036987,0.580811
327,7333797,0.827393,0.037476,0.580322
328,7356299,0.827881,0.037109,0.580322
329,7378795,0.827393,0.037598,0.580688
330,7401295,0.828247,0.036743,0.580566
331,7423805,0.827881,0.036865,0.581055
332,7446300,0.826660,0.036377,0.580444
333,7468798,0.827515,0.036987,0.580566
334,7491307,0.826904,0.036865,0.580444
335,7513813,0.827393,0.037231,0.580933
336,7536310,0.827148,0.036865,0.580688
337,7558821,0.827759,0.036865,0.580933
338,7581320,0.827881,0.036255,0.580444
339,7603810,0.827759,0.036255,0.581177
340,7626302,0.827026,0.036621,0.580688
341,7648810,0.826782,0.036865,0.581177
342,7671321,0.827026,0.037231,0.581055
343,7693820,0.827271,0.036621,0.580444
344,7716322,0.826538,0.036743,0.580566
345,7738832,0.827515,0.037354,0.581177
346,7761324,0.827759,0.036255,0.580688
347,7783818,0.827271,0.036377,0.580811
348,7806300,0.826538,0.036255,0.581177
349,7828797,0.827271,0.036011,0.580322
350,7851286,0.827515,0.037109,0.580811
351,7873772,0.827271,0.036621,0.580078
352,7896269,0.827271,0.037598,0.579956
353,7918763,0.827271,0.037231,0.580933
354,7941256,0.827026,0.036987,0.581299
355,7963760,0.827271,0.036743,0.580078
356,7986257,0.827148,0.037231,0.580322
357,8008769,0.826904,0.036865,0.581055
358,8031272,0.827759,0.036743,0.581055
359,8053767,0.827637,0.036743,0.580811
360,8076260,0.827393,0.036255,0.580322
361,8098753,0.827393,0.035645,0.580688
362,8121252,0.826294,0.037476,0.580811
363,8143738,0.827515,0.036865,0.580933
364,8166238,0.828125,0.035889,0.580933
365,8188735,0.828003,0.036133,0.580811
366,8211213,0.827637,0.036865,0.580322
367,8233716,0.827148,0.037109,0.580566
368,8256226,0.827393,0.036377,0.580811
369,8278708,0.827393,0.036011,0.580566
370,8301199,0.827637,0.036011,0.580322
371,8323685,0.827515,0.037231,0.579956
372,8346195,0.826782,0.036865,0.579834
373,8368701,0.827271,0.036743,0.580444
374,8391206,0.827637,0.036743,0.580444
375,8413707,0.827148,0.037354,0.579834
376,8436210,0.827026,0.036377,0.580566
377,8458709,0.827271,0.036865,0.580200
378,8481206,0.828369,0.036743,0.580078
379,8503713,0.827881,0.037354,0.580811
380,8526196,0.827026,0.036499,0.580688
381,8548703,0.827026,0.036987,0.580811
382,8571205,0.827759,0.037109,0.580322
383,8593703,0.826294,0.035767,0.579956
384,8616208,0.827148,0.036621,0.579712
385,8638713,0.827637,0.037109,0.579956
386,8661220,0.826538,0.036987,0.579956
387,8683735,0.827148,0.036865,0.580566
388,8706251,0.828491,0.036133,0.579834
389,8728748,0.827271,0.036377,0.579834
390,8751239,0.827148,0.036743,0.579224
391,8773744,0.827026,0.036499,0.580200
392,8796248,0.827148,0.037109,0.579712
393,8818750,0.827637,0.037231,0.580444
394,8841257,0.827393,0.036499,0.579468
395,8863754,0.826904,0.036499,0.579712
396,8886262,0.826904,0.036499,0.579346
397,8908765,0.827271,0.036377,0.579590
398,8931254,0.826172,0.037231,0.579712
399,8953752,0.827637,0.036987,0.579956
400,8976262,0.827759,0.036377,0.580078
401,8998752,0.828003,0.037354,0.579224
402,9021238,0.827393,0.036499,0.580200
403,9043733,0.828003,0.037354,0.579590
404,9066219,0.828369,0.036865,0.580322
405,9088734,0.827393,0.036133,0.580322
406,9111232,0.827148,0.036621,0.579834
407,9133737,0.827881,0.036621,0.580078
408,9156235,0.828003,0.037476,0.579834
409,9178719,0.827881,0.036011,0.580322
410,9201205,0.827637,0.036377,0.579468
411,9223694,0.827271,0.037109,0.580078
412,9246190,0.828003,0.036987,0.580078
413,9268679,0.827881,0.037231,0.581055
414,9291173,0.826904,0.036377,0.579712
415,9313667,0.828491,0.036377,0.580200
416,9336167,0.827759,0.036377,0.579956
417,9358663,0.827148,0.036255,0.580200
418,9381163,0.826660,0.037231,0.580444
419,9403669,0.826416,0.037354,0.580078
420,9426171,0.827515,0.037109,0.580200
421,9448660,0.826660,0.036621,0.580322
422,9471172,0.827637,0.037109,0.580566
423,9493671,0.826660,0.036987,0.579468
424,9516177,0.827515,0.036011,0.580566
425,9538661,0.827026,0.036865,0.579834
426,9561168,0.826904,0.036255,0.580933
427,9583657,0.826904,0.036499,0.581177
428,9606163,0.827271,0.036621,0.580322
429,9628659,0.827026,0.036865,0.580322
430,9651170,0.827515,0.037354,0.580688
431,9673662,0.827515,0.036987,0.580444
432,9696169,0.827515,0.036621,0.579834
433,9718665,0.827026,0.036133,0.579956
434,9741173,0.828003,0.037354,0.579956
435,9763663,0.827148,0.036865,0.581177
436,9786173,0.827026,0.035522,0.580688
437,9808683,0.826782,0.036743,0.580322
438,9831199,0.827393,0.037720,0.579956
439,9853703,0.827637,0.035889,0.579956
440,9876200,0.827881,0.035889,0.580322
441,9898690,0.827637,0.036743,0.580566
442,9921197,0.826904,0.036743,0.580200
443,9943704,0.826904,0.036499,0.580811
444,9966196,0.828125,0.036865,0.580078
445,9988707,0.826904,0.036377,0.580933
446,10011201,0.827637,0.036743,0.580566
447,10033719,0.827515,0.036255,0.581177
448,10056230,0.826782,0.036011,0.580811
449,10078728,0.827881,0.036499,0.580322
450,10101246,0.827759,0.037109,0.579956
451,10123764,0.826782,0.037109,0.580566
452,10146294,0.826782,0.036133,0.580322
453,10168811,0.827881,0.037109,0.580811
454,10191314,0.827637,0.037109,0.580566
455,10213830,0.826416,0.036499,0.580566
456,10236361,0.827637,0.036499,0.580200
457,10258872,0.826904,0.037354,0.580688
458,10281385,0.827148,0.036743,0.580322
459,10303913,0.826172,0.037476,0.580688
460,10326420,0.827637,0.036499,0.579712
461,10348932,0.826660,0.035889,0.580688
462,10371447,0.828125,0.036743,0.580322
463,10393968,0.827271,0.036621,0.579956
464,10416485,0.827026,0.036133,0.579956
465,10439005,0.826660,0.036987,0.580200
466,10461521,0.827148,0.037964,0.581055
467,10484028,0.827148,0.036499,0.580078
468,10506549,0.827515,0.036621,0.580322
469,10529066,0.826538,0.036987,0.580078
470,10551588,0.827759,0.036865,0.580322
471,10574111,0.826904,0.036255,0.580933
472,10596614,0.827393,0.036255,0.579712
473,10619124,0.827881,0.036499,0.580078
474,10641633,0.826904,0.035767,0.581055
475,10664144,0.827271,0.036255,0.580566
476,10686649,0.828369,0.036621,0.580933
477,10709171,0.827393,0.036865,0.580444
478,10731700,0.826660,0.037231,0.580688
479,10754227,0.828369,0.035400,0.580444
480,10776748,0.827271,0.036255,0.580566
481,10799258,0.826904,0.036499,0.580322
482,10821781,0.828125,0.037476,0.580566
483,10844301,0.827271,0.035889,0.579590
484,10866805,0.826782,0.036621,0.580688
485,10889336,0.828125,0.036499,0.581177
486,10911856,0.827393,0.036743,0.580811
487,10934360,0.827148,0.036865,0.580444
488,10956888,0.826904,0.036865,0.580078
489,10979406,0.826904,0.037354,0.579956
490,11001924,0.827881,0.036499,0.579712
491,11024433,0.827637,0.036255,0.580566
492,11046942,0.826782,0.036255,0.580444
493,11069459,0.827637,0.036743,0.580200
494,11091973,0.827759,0.036011,0.580444
495,11114475,0.827271,0.036621,0.580811
496,11136979,0.827881,0.036133,0.580444
497,11159485,0.827026,0.036255,0.580933
498,11181989,0.826904,0.036743,0.579712
499,11204506,0.828613,0.036255,0.580811
500,11227010,0.827148,0.036255,0.580566
501,11249526,0.827271,0.036743,0.580566
502,11272040,0.827148,0.035889,0.579956
503,11294559,0.826172,0.036377,0.580322
504,11317075,0.827393,0.036621,0.580322
505,11339591,0.827515,0.036743,0.581055
506,11362106,0.828247,0.036377,0.580688
507,11384623,0.828003,0.036255,0.581055
508,11407121,0.827637,0.036743,0.580933
509,11429628,0.827393,0.036865,0.580444
510,11452153,0.827515,0.036987,0.580688
511,11474670,0.827393,0.037231,0.579956
512,11497198,0.828003,0.036743,0.580566
513,11519708,0.827515,0.036621,0.580078
514,11542228,0.827759,0.036743,0.580322
515,11564746,0.826904,0.037354,0.580200
516,11587258,0.827148,0.036987,0.580933
517,11609777,0.827148,0.036255,0.580444
518,11632300,0.826904,0.036499,0.580811
519,11654813,0.827759,0.036499,0.581055
520,11677325,0.828247,0.037354,0.580200
521,11699836,0.826660,0.035889,0.580444
522,11722351,0.826416,0.036865,0.580811
523,11744866,0.826782,0.036621,0.580566
524,11767391,0.828735,0.036987,0.580688
525,11789920,0.826416,0.036865,0.580811
526,11812433,0.827148,0.036499,0.580688
527,11834958,0.826294,0.036011,0.580322
528,11857459,0.827881,0.036865,0.580688
529,11879972,0.827393,0.036987,0.580322
530,11902489,0.826904,0.036377,0.580444
531,11925003,0.827515,0.037476,0.580200
532,11947504,0.827026,0.036865,0.580811
533,11970014,0.827515,0.036987,0.580688
534,11992532,0.827881,0.036377,0.580444
535,12015036,0.827881,0.037354,0.580933
536,12037531,0.827637,0.036865,0.580811
537,12060036,0.826660,0.036621,0.581421
538,12082549,0.827026,0.036865,0.580322
539,12105078,0.827148,0.036377,0.580811
540,12127582,0.827637,0.036865,0.580933
541,12150098,0.827148,0.036133,0.579956
542,12172620,0.828125,0.036987,0.580688
543,12195150,0.828735,0.036621,0.580322
544,12217684,0.826660,0.036499,0.581055
545,12240204,0.827148,0.036377,0.580811
546,12262711,0.827637,0.037842,0.581177
547,12285220,0.826904,0.036621,0.580078
548,12307740,0.827637,0.036499,0.580933
549,12330255,0.827271,0.036377,0.579590
550,12352758,0.827637,0.037231,0.579712
551,12375277,0.828125,0.036499,0.580566
552,12397803,0.827393,0.036865,0.580688
553,12420324,0.827026,0.037109,0.580322
554,12442846,0.826904,0.036621,0.580688
555,12465367,0.827759,0.036743,0.580444
556,12487885,0.827637,0.037231,0.581177
557,12510397,0.826782,0.036499,0.580200
558,12532919,0.827393,0.036987,0.579712
559,12555432,0.827148,0.036011,0.580933
560,12577931,0.827026,0.036255,0.580566
561,12600444,0.827393,0.036011,0.580444
562,12622944,0.827026,0.036865,0.580811
563,12645453,0.826660,0.036011,0.580688
564,12667966,0.826904,0.036621,0.580444
565,12690488,0.826416,0.036743,0.580200
566,12713007,0.827393,0.036011,0.580200
567,12735500,0.827515,0.036255,0.580688
568,12758009,0.828003,0.037231,0.580322
569,12780518,0.827148,0.036743,0.580322
570,12803047,0.827271,0.036621,0.580200
571,12825553,0.827026,0.036499,0.580078
572,12848081,0.827393,0.036011,0.580200
573,12870583,0.827148,0.036011,0.580322
574,12893099,0.827271,0.036377,0.580200
575,12915597,0.827393,0.037109,0.581177
576,12938112,0.827271,0.036133,0.580933
577,12960607,0.827393,0.036011,0.580444
578,12983115,0.827026,0.036865,0.580811
579,13005625,0.827881,0.037354,0.579834
580,13028130,0.826660,0.036499,0.579956
581,13050657,0.827148,0.036743,0.580811
582,13073177,0.827026,0.036743,0.580933
583,13095695,0.826904,0.036987,0.581299
584,13118218,0.826660,0.036621,0.580566
585,13140742,0.827393,0.036499,0.580933
586,13163256,0.827515,0.036377,0.580566
587,13185767,0.827271,0.036621,0.580933
588,13208277,0.828125,0.036133,0.579712
589,13230787,0.827271,0.036255,0.580078
590,13253295,0.827393,0.037231,0.580200
591,13275804,0.826172,0.037109,0.580200
592,13298310,0.827271,0.036499,0.580200
593,13320817,0.827393,0.036499,0.580322
594,13343334,0.828125,0.036377,0.580200
595,13365843,0.827271,0.036377,0.580811
596,13388335,0.827515,0.036865,0.580078
597,13410850,0.826660,0.035767,0.579834
598,13433357,0.827515,0.036499,0.580811
599,13455865,0.826660,0.036377,0.580322
600,13478379,0.827148,0.036743,0.580811
601,13500893,0.827393,0.036499,0.580078
602,13523408,0.827393,0.036011,0.581177
603,13545905,0.826172,0.035400,0.580566
604,13568415,0.828125,0.036621,0.580688
605,13590942,0.827881,0.037109,0.580933
606,13613443,0.826294,0.036743,0.580322
607,13635959,0.827637,0.036377,0.580322
608,13658467,0.827026,0.036865,0.580688
609,13680990,0.826782,0.036499,0.581421
610,13703507,0.827759,0.036499,0.579590
611,13726019,0.827515,0.037354,0.579834
612,13748522,0.827148,0.036865,0.580078
613,13771050,0.826904,0.036133,0.579712
614,13793557,0.827393,0.036621,0.579834
615,13816075,0.827026,0.036499,0.580322
616,13838599,0.826538,0.036743,0.580200
617,13861126,0.827148,0.036255,0.580688
618,13883642,0.827515,0.036133,0.580811
619,13906145,0.828369,0.036621,0.580322
620,13928671,0.826782,0.035889,0.581055
621,13951187,0.827637,0.035156,0.579956
622,13973709,0.826538,0.035522,0.580566
623,13996242,0.827271,0.036499,0.579956
624,14018762,0.828369,0.037109,0.580078
625,14041287,0.827026,0.036499,0.580566
626,14063811,0.827881,0.036865,0.580078
627,14086320,0.827515,0.036499,0.579834
628,14108834,0.827148,0.037476,0.579956
629,14131355,0.827881,0.036621,0.580322
630,14153871,0.827271,0.036133,0.579956
631,14176379,0.828369,0.035767,0.579956
632,14198902,0.826660,0.036255,0.580078
633,14221412,0.828247,0.036987,0.580444
634,14243940,0.827881,0.036133,0.580688
635,14266444,0.827271,0.036499,0.580688
636,14288957,0.827759,0.037231,0.579712
637,14311469,0.827271,0.036499,0.581177
638,14333976,0.827515,0.036499,0.580566
639,14356494,0.826782,0.036621,0.580566
640,14379020,0.827271,0.037842,0.579956
641,14401528,0.827148,0.037354,0.580566
642,14424054,0.826904,0.036499,0.580444
643,14446584,0.826904,0.036499,0.579834
644,14469107,0.827393,0.037354,0.580200
645,14491610,0.826294,0.036499,0.580322
646,14514135,0.826660,0.036865,0.579956
647,14536661,0.828247,0.036987,0.580322
648,14559194,0.828247,0.036987,0.581543
649,14581717,0.826660,0.036133,0.579346
650,14604231,0.827759,0.036133,0.580811
651,14626729,0.827148,0.036865,0.581421
652,14649253,0.826416,0.036499,0.579590
653,14671777,0.827759,0.036621,0.579468
654,14694293,0.828613,0.036865,0.580322
655,14716820,0.826782,0.036621,0.579102
656,14739336,0.826050,0.036133,0.579468
657,14761838,0.828003,0.036377,0.580078
658,14784333,0.827026,0.036133,0.579224
659,14806843,0.827881,0.035889,0.579468
660,14829342,0.827637,0.036499,0.581055
661,14851852,0.826904,0.036377,0.580078
662,14874361,0.827759,0.036377,0.579956
663,14896875,0.828369,0.036499,0.580933
664,14919391,0.826904,0.036865,0.579834
665,14941911,0.826660,0.036377,0.579956
666,14964428,0.828369,0.036743,0.581299
667,14986950,0.827026,0.036255,0.579590
668,15009458,0.825928,0.036255,0.580078
669,15031962,0.828125,0.036011,0.580811
670,15054455,0.826538,0.036621,0.579956
671,15076985,0.828003,0.036865,0.579712
672,15099489,0.827637,0.036255,0.581909
673,15121997,0.826660,0.036499,0.579590
674,15144516,0.827271,0.036133,0.580444
675,15167033,0.827515,0.037720,0.580933
676,15189534,0.827148,0.036499,0.578613
677,15212068,0.826782,0.036255,0.579590
678,15234582,0.828247,0.036499,0.581421
679,15257106,0.825806,0.036499,0.579712
680,15279614,0.826416,0.036865,0.581665
681,15302152,0.828857,0.035645,0.580444
682,15324669,0.826538,0.036377,0.579224
683,15347187,0.827148,0.036499,0.581055
684,15369705,0.828247,0.035767,0.579956
685,15392234,0.827515,0.036987,0.579590
686,15414754,0.828125,0.036499,0.580933
687,15437274,0.827393,0.037354,0.580688
688,15459783,0.828125,0.036499,0.579956
689,15482310,0.827148,0.036499,0.580933
690,15504828,0.827271,0.036499,0.579956
691,15527346,0.826904,0.036865,0.580078
692,15549866,0.827271,0.036621,0.581055
693,15572370,0.828125,0.036011,0.580811
694,15594867,0.827026,0.036865,0.580078
695,15617424,0.826782,0.037109,0.580811
696,15639936,0.828735,0.036743,0.581055
697,15662454,0.827026,0.036011,0.580811
698,15684949,0.827881,0.036865,0.580200
699,15707459,0.827637,0.037109,0.580200
700,15729965,0.826782,0.036011,0.579956
701,15752477,0.827148,0.036743,0.580811
702,15774989,0.826904,0.036743,0.580566
703,15797512,0.828247,0.036255,0.580322
704,15820036,0.827393,0.036987,0.581543
705,15842555,0.827148,0.036499,0.580566
706,15865087,0.828125,0.035645,0.580444
707,15887601,0.826660,0.036255,0.581055
708,15910114,0.827026,0.036621,0.581177
709,15932634,0.827026,0.036377,0.580566
710,15955154,0.827026,0.037109,0.580322
711,15977675,0.826660,0.036987,0.580322
712,16000204,0.827393,0.036621,0.580322
713,16022724,0.827271,0.036499,0.580444
714,16045244,0.827271,0.036011,0.580078
715,16067738,0.827637,0.037109,0.580566
716,16090258,0.827637,0.036743,0.580688
717,16112777,0.827637,0.036987,0.580566
718,16135297,0.826904,0.036621,0.580566
719,16157821,0.827637,0.036377,0.581421
720,16180322,0.827515,0.036743,0.580444
721,16202842,0.827271,0.036133,0.580688
722,16225346,0.827271,0.036865,0.581177
723,16247857,0.827637,0.036987,0.580933
724,16270366,0.827026,0.036987,0.579590
725,16292887,0.827393,0.036377,0.580200
726,16315389,0.826660,0.036621,0.580811
727,16337903,0.828247,0.036987,0.580688
728,16360430,0.827271,0.037354,0.580688
729,16382936,0.826172,0.036011,0.580811
730,16405426,0.826538,0.036865,0.580688
731,16427954,0.827637,0.036621,0.580078
732,16450466,0.827393,0.036865,0.580811
733,16472970,0.827393,0.036499,0.580322
734,16495488,0.827148,0.037109,0.580811
735,16517997,0.827637,0.036011,0.580322
736,16540499,0.826782,0.036499,0.579956
737,16563040,0.828003,0.036499,0.580933
738,16585542,0.827271,0.036865,0.579956
739,16608067,0.826416,0.037354,0.579712
740,16630579,0.826904,0.036621,0.580933
741,16653100,0.827759,0.037109,0.580444
742,16675614,0.828003,0.035889,0.580200
743,16698115,0.827515,0.036499,0.579956
744,16720636,0.827026,0.036743,0.580078
745,16743160,0.826904,0.036011,0.580200
746,16765661,0.827759,0.036377,0.579590
747,16788170,0.828125,0.036987,0.580933
748,16810686,0.827759,0.036499,0.580566
749,16833210,0.826660,0.036499,0.580811
750,16855722,0.827271,0.036133,0.580200
751,16878226,0.827148,0.036377,0.580688
752,16900747,0.827271,0.036377,0.580444
753,16923258,0.826660,0.036377,0.580200
754,16945767,0.827759,0.036865,0.579834
755,16968279,0.826416,0.036377,0.580200
756,16990793,0.827148,0.036377,0.579956
757,17013314,0.827393,0.036255,0.579590
758,17035821,0.827637,0.036621,0.579956
759,17058344,0.828125,0.036255,0.579834
760,17080856,0.827759,0.036743,0.579956
761,17103377,0.827271,0.036133,0.580200
762,17125877,0.827026,0.036621,0.580688
763,17148400,0.827393,0.036865,0.580322
764,17170925,0.826660,0.036011,0.579956
765,17193436,0.827637,0.036133,0.580322
766,17215946,0.827026,0.037476,0.580322
767,17238460,0.827148,0.036987,0.579956
768,17260991,0.826782,0.036865,0.580811
769,17283504,0.827515,0.037109,0.580078
770,17306020,0.826416,0.036865,0.580688
771,17328547,0.826904,0.037109,0.580078
772,17351069,0.827637,0.036621,0.579834
773,17373583,0.826660,0.036743,0.579834
774,17396108,0.826660,0.036865,0.579834
775,17418627,0.826660,0.036499,0.580444
776,17441156,0.827393,0.036255,0.579834
777,17463661,0.827271,0.036865,0.580322
778,17486181,0.826782,0.036743,0.579834
779,17508705,0.827271,0.036255,0.580566
780,17531217,0.827515,0.036499,0.579834
781,17553735,0.827515,0.036743,0.580566
782,17576258,0.827515,0.036621,0.580688
783,17598779,0.827637,0.036133,0.580444
784,17621289,0.827515,0.036499,0.579956
785,17643812,0.826782,0.037109,0.581177
786,17666329,0.826538,0.036743,0.579956
787,17688861,0.827515,0.036621,0.580078
788,17711373,0.826660,0.036743,0.579956
789,17733903,0.826294,0.036743,0.580444
790,17756420,0.827026,0.036865,0.580566
791,17778946,0.827515,0.036743,0.579468
792,17801458,0.827148,0.036987,0.580078
793,17823981,0.827271,0.036865,0.579346
794,17846490,0.827515,0.036865,0.580322
795,17869022,0.826904,0.037109,0.579712
796,17891541,0.827026,0.036987,0.580078
797,17914066,0.827148,0.035889,0.580933
798,17936577,0.827759,0.036133,0.579712
799,17959087,0.827881,0.037476,0.580200
800,17981586,0.827637,0.036255,0.580688
801,18004101,0.827637,0.036621,0.579224
802,18026620,0.827148,0.036499,0.580200
803,18049146,0.827393,0.036743,0.579346
804,18071659,0.827515,0.036743,0.580933
805,18094173,0.827637,0.036011,0.580200
806,18116669,0.827026,0.035889,0.579956
807,18139194,0.827637,0.036011,0.579590
808,18161693,0.827637,0.036377,0.580322
809,18184208,0.828125,0.036255,0.580566
810,18206731,0.827637,0.036621,0.580200
811,18229247,0.826782,0.036255,0.579590
812,18251762,0.827515,0.036865,0.579956
813,18274282,0.827515,0.036377,0.579834
814,18296789,0.826660,0.036255,0.579956
815,18319308,0.827026,0.036377,0.580566
816,18341825,0.827759,0.036743,0.579956
817,18364345,0.826660,0.037476,0.580322
818,18386862,0.826416,0.035889,0.580322
819,18409381,0.827881,0.036499,0.580444
820,18431901,0.827271,0.036865,0.580688
821,18454414,0.826050,0.036743,0.580078
822,18476926,0.827759,0.036133,0.579834
823,18499431,0.828369,0.036499,0.580078
824,18521954,0.826782,0.036865,0.579468
825,18544477,0.827271,0.036621,0.579712
826,18566985,0.827637,0.036499,0.580078
827,18589500,0.827881,0.036987,0.580078
828,18612015,0.827759,0.036255,0.579346
829,18634519,0.827759,0.036499,0.579468
830,18657041,0.827026,0.036499,0.580200
831,18679557,0.827759,0.036255,0.579346
832,18702066,0.827148,0.036499,0.580200
833,18724586,0.828003,0.036377,0.579956
834,18747097,0.827148,0.036621,0.580444
835,18769623,0.828003,0.036133,0.580200
836,18792124,0.827271,0.035767,0.580444
837,18814630,0.827759,0.036865,0.580078
838,18837149,0.827393,0.036499,0.580566
839,18859667,0.827148,0.036377,0.579834
840,18882186,0.827637,0.036621,0.579956
841,18904709,0.827393,0.036255,0.578735
842,18927228,0.827515,0.036743,0.580078
843,18949744,0.826904,0.036499,0.580688
844,18972273,0.827148,0.037231,0.579956
845,18994811,0.827026,0.036255,0.580444
846,19017326,0.827271,0.036255,0.579712
847,19039828,0.827881,0.036377,0.580078
848,19062330,0.828003,0.036499,0.580444
849,19084842,0.827271,0.037231,0.580078
850,19107356,0.826904,0.037354,0.579590
851,19129868,0.826782,0.036743,0.579590
852,19152391,0.826172,0.036865,0.579712
853,19174905,0.827148,0.036865,0.579956
854,19197434,0.827271,0.036743,0.580078
855,19219944,0.826782,0.036865,0.579834
856,19242467,0.827759,0.036377,0.579834
857,19264971,0.827881,0.036499,0.580078
858,19287481,0.827393,0.036499,0.578979
859,19310009,0.827515,0.036865,0.579346
860,19332524,0.826904,0.036865,0.580566
861,19355053,0.827637,0.036865,0.579956
862,19377574,0.827515,0.036987,0.579956
863,19400101,0.827637,0.036255,0.580322
864,19422610,0.827759,0.036621,0.579834
865,19445132,0.826904,0.036621,0.580322
866,19467655,0.827026,0.036865,0.579956
867,19490188,0.827271,0.036743,0.579834
868,19512699,0.827515,0.036621,0.580200
869,19535215,0.827148,0.036743,0.579712
870,19557738,0.827393,0.036865,0.579590
871,19580257,0.827393,0.036499,0.580200
872,19602770,0.826904,0.036621,0.580200
873,19625285,0.826904,0.036865,0.579834
874,19647804,0.827759,0.037842,0.579834
875,19670308,0.827148,0.037231,0.579834
876,19692832,0.827393,0.036987,0.580566
877,19715348,0.828003,0.037231,0.579956
878,19737864,0.827881,0.036255,0.580444
879,19760370,0.828125,0.036621,0.579956
880,19782901,0.827271,0.036865,0.580322
881,19805414,0.827271,0.036987,0.580078
882,19827926,0.826782,0.036621,0.580688
883,19850451,0.827637,0.036865,0.580688
884,19872968,0.827148,0.036743,0.580322
885,19895493,0.828491,0.036499,0.579712
886,19918022,0.826904,0.035767,0.579956
887,19940539,0.827515,0.036865,0.580566
888,19963063,0.827637,0.036987,0.579590
889,19985579,0.827271,0.037109,0.580322
890,20008096,0.827881,0.036499,0.580200
891,20030602,0.828003,0.037109,0.579834
892,20053109,0.828125,0.036743,0.580444
893,20075634,0.826782,0.036255,0.580078
894,20098155,0.827026,0.036499,0.580444
895,20120681,0.826904,0.036377,0.580566
896,20143201,0.827148,0.036255,0.580688
897,20165795,0.827393,0.036621,0.580811
898,20188301,0.826782,0.037231,0.580566
899,20210829,0.826782,0.036865,0.580688
900,20233355,0.826782,0.036011,0.579834
901,20255863,0.828125,0.036011,0.580444
902,20278371,0.827393,0.036499,0.580444
903,20300893,0.826294,0.036377,0.581177
904,20323399,0.827271,0.036255,0.579712
905,20345901,0.827515,0.036987,0.580322
906,20368420,0.827393,0.036865,0.580444
907,20390942,0.827393,0.036865,0.580078
908,20413463,0.827759,0.036499,0.580811
909,20435969,0.827637,0.037231,0.580200
910,20458480,0.827026,0.036377,0.580078
911,20480989,0.827271,0.037231,0.580200
912,20503498,0.827148,0.036865,0.580200
913,20526025,0.827026,0.036499,0.579468
914,20548544,0.827759,0.036987,0.580688
915,20571069,0.826416,0.036499,0.580933
916,20593587,0.826904,0.036255,0.580444
917,20616108,0.827271,0.036133,0.579712
918,20638609,0.827271,0.037109,0.580078
919,20661124,0.827515,0.037109,0.580078
920,20683641,0.827026,0.036987,0.579956
921,20706174,0.828003,0.036499,0.580322
922,20728687,0.827759,0.037598,0.580444
923,20751203,0.827271,0.036621,0.579468
924,20773716,0.827148,0.036743,0.579956
925,20796252,0.827026,0.037476,0.580688
926,20818769,0.827271,0.037109,0.580322
927,20841281,0.827759,0.037476,0.580566
928,20863793,0.827759,0.036743,0.580444
929,20886310,0.826538,0.037354,0.580566
930,20908832,0.826538,0.037109,0.579590
931,20931350,0.828247,0.036499,0.579956
932,20953883,0.826782,0.036865,0.579590
933,20976406,0.826904,0.037354,0.579468
934,20998924,0.827515,0.037354,0.580688
935,21021432,0.827759,0.036499,0.580444
936,21043950,0.827393,0.036865,0.580566
937,21066475,0.826538,0.036255,0.579956
938,21088998,0.827393,0.037231,0.580566
939,21111516,0.826904,0.035767,0.580078
940,21134038,0.827271,0.035889,0.579834
941,21156539,0.827515,0.036743,0.579834
942,21179100,0.826782,0.036987,0.579712
943,21201623,0.826782,0.037109,0.580933
944,21224143,0.827637,0.037231,0.580566
945,21246664,0.827393,0.036133,0.580078
946,21269176,0.827515,0.036987,0.580566
947,21291697,0.827759,0.036621,0.580444
948,21314222,0.827515,0.038086,0.580444
949,21336729,0.826416,0.036621,0.579956
950,21359266,0.826782,0.036499,0.579712
951,21381791,0.827515,0.036743,0.580200
952,21404301,0.827515,0.036621,0.579834
953,21426817,0.826660,0.036255,0.580688
954,21449332,0.827148,0.036865,0.580322
955,21471862,0.827271,0.037109,0.580078
956,21494371,0.827271,0.036377,0.580322
957,21516878,0.828003,0.036499,0.580322
958,21539388,0.828003,0.036743,0.579834
959,21561895,0.827026,0.036987,0.579712
960,21584414,0.827759,0.036621,0.580078
961,21606930,0.827393,0.036987,0.579956
962,21629454,0.827515,0.036743,0.579834
963,21651967,0.827637,0.036865,0.580322
964,21674486,0.827637,0.037231,0.579834
965,21697000,0.827026,0.036987,0.579102
966,21719514,0.827393,0.036133,0.579834
967,21742032,0.827515,0.036743,0.580566
968,21764551,0.827271,0.036987,0.580444
969,21787071,0.828003,0.036255,0.579834
970,21809569,0.826660,0.036621,0.580444
971,21832099,0.826904,0.036133,0.580200
972,21854606,0.827148,0.036377,0.580566
973,21877132,0.827515,0.037231,0.580200
974,21899647,0.827637,0.036621,0.579834
975,21922166,0.827148,0.037354,0.580566
976,21944687,0.826660,0.036621,0.580322
977,21967218,0.827515,0.036011,0.580078
978,21989717,0.826904,0.037842,0.580444
979,22012239,0.827271,0.037109,0.579346
980,22034753,0.828491,0.036499,0.580688
981,22057286,0.827148,0.037231,0.579956
982,22079819,0.827393,0.036621,0.579834
983,22102334,0.828125,0.036011,0.580811
984,22124836,0.825806,0.036987,0.580200
985,22147343,0.827515,0.036255,0.579956
986,22169860,0.827271,0.036621,0.579834
987,22192375,0.827759,0.037354,0.579834
988,22214882,0.826904,0.036499,0.579712
989,22237399,0.827759,0.036987,0.579346
990,22259916,0.827393,0.036987,0.580566
991,22282434,0.827393,0.037109,0.580444
992,22304950,0.827637,0.037842,0.579712
993,22327455,0.827515,0.036865,0.580444
994,22349974,0.826904,0.036499,0.580444
995,22372499,0.827026,0.036743,0.580566
996,22395028,0.827759,0.036133,0.580566
997,22417537,0.827637,0.037354,0.578979
998,22440057,0.826904,0.037109,0.579834
999,22462571,0.827271,0.036255,0.580200
1000,22485077,0.826538,0.036987,0.579834
