sample,t_us,gx_deg_s,gy_deg_s,gz_deg_s
1,389,0.000000,-0.490000,0.070000
2,7969,0.000000,-0.490000,0.070000
3,12969,0.000000,-0.490000,0.070000
4,21531,-0.070000,-0.490000,0.070000
5,31095,0.000000,-0.490000,0.070000
6,40215,0.000000,-0.420000,0.070000
7,50005,0.000000,-0.490000,0.070000
8,59368,0.000000,-0.490000,0.070000
9,68628,-0.070000,-0.490000,0.070000
10,78411,0.000000,-0.490000,0.070000
11,87721,0.000000,-0.490000,0.070000
12,97243,-0.070000,-0.490000,0.070000
13,106495,-0.070000,-0.490000,0.070000
14,115946,-0.070000,-0.490000,0.070000
15,125707,0.000000,-0.490000,0.070000
16,135005,0.000000,-0.490000,0.140000
17,144688,0.000000,-0.490000,0.070000
18,153881,0.000000,-0.560000,0.070000
19,163494,0.000000,-0.490000,0.070000
20,172870,0.000000,-0.560000,0.070000
21,182282,0.000000,-0.490000,0.070000
22,191951,0.000000,-0.490000,0.070000
23,201282,0.000000,-0.490000,0.070000
24,210826,0.000000,-0.490000,0.070000
25,220233,0.000000,-0.560000,0.070000
26,229677,0.000000,-0.560000,0.070000
27,239123,0.000000,-0.490000,0.070000
28,248836,0.000000,-0.490000,0.070000
29,258054,0.000000,-0.490000,0.070000
30,267531,0.000000,-0.490000,0.070000
31,276868,0.000000,-0.490000,0.070000
32,286475,0.000000,-0.490000,0.070000
33,295811,0.000000,-0.490000,0.070000
34,305351,0.000000,-0.490000,0.070000
35,315024,0.000000,-0.490000,0.140000
36,324309,0.000000,-0.490000,0.070000
37,334023,0.000000,-0.490000,0.070000
38,343474,0.000000,-0.490000,0.070000
39,352748,0.000000,-0.490000,0.070000
40,362080,0.000000,-0.560000,0.070000
41,371529,0.000000,-0.490000,0.070000
42,381146,0.000000,-0.420000,0.070000
43,390460,0.000000,-0.490000,0.070000
44,399877,0.000000,-0.490000,0.070000
45,409479,0.000000,-0.490000,0.070000
46,418811,0.000000,-0.490000,0.070000
47,428492,0.000000,-0.490000,0.070000
48,437810,0.000000,-0.490000,0.070000
49,447498,0.000000,-0.490000,0.070000
50,456743,0.000000,-0.490000,0.070000
51,466405,0.000000,-0.560000,0.070000
52,475916,0.000000,-0.560000,0.070000
53,485282,0.000000,-0.560000,0.140000
54,494860,-0.070000,-0.490000,0.140000
55,504116,0.000000,-0.490000,0.070000
56,513748,0.000000,-0.490000,0.070000
57,523002,-0.070000,-0.560000,0.070000
58,532408,0.000000,-0.490000,0.070000
59,542087,0.000000,-0.490000,0.070000
60,551340,0.000000,-0.490000,0.070000
61,561088,0.000000,-0.490000,0.070000
62,570371,0.000000,-0.490000,0.070000
63,580023,0.000000,-0.490000,0.070000
64,589233,0.000000,-0.560000,0.070000
65,598745,0.000000,-0.490000,0.070000
66,608108,-0.070000,-0.490000,0.070000
67,617868,0.000000,-0.490000,0.070000
68,627127,0.000000,-0.490000,0.070000
69,636686,0.000000,-0.490000,0.070000
70,646002,0.000000,-0.490000,0.070000
71,655791,0.000000,-0.560000,0.070000
72,665052,0.000000,-0.490000,0.070000
73,674692,0.000000,-0.490000,0.070000
74,684073,0.000000,-0.490000,0.070000
75,693427,0.000000,-0.490000,0.070000
76,702876,0.000000,-0.490000,0.070000
77,712320,0.000000,-0.490000,0.070000
78,721687,0.000000,-0.490000,0.070000
79,731384,0.000000,-0.490000,0.140000
80,740722,0.000000,-0.490000,0.070000
81,750471,-0.070000,-0.490000,0.140000
82,759866,-0.070000,-0.490000,0.070000
83,769034,0.000000,-0.490000,0.070000
84,778743,0.000000,-0.490000,0.070000
85,788259,0.000000,-0.490000,0.070000
86,797618,0.000000,-0.490000,0.070000
87,806881,0.000000,-0.490000,0.070000
88,816644,0.000000,-0.490000,0.070000
89,825805,0.000000,-0.490000,0.070000
90,835450,0.000000,-0.490000,0.140000
91,845003,0.000000,-0.490000,0.070000
92,854340,-0.070000,-0.490000,0.070000
93,864025,0.000000,-0.490000,0.070000
94,873382,0.000000,-0.560000,0.070000
95,882594,0.000000,-0.490000,0.070000
96,892048,0.000000,-0.490000,0.070000
97,901897,0.000000,-0.490000,0.070000
98,911112,0.000000,-0.490000,0.070000
99,920680,0.000000,-0.490000,0.140000
100,930266,0.000000,-0.560000,0.070000
101,939535,-0.070000,-0.560000,0.070000
102,948954,0.000000,-0.490000,0.070000
103,958552,0.000000,-0.490000,0.070000
104,967861,0.000000,-0.490000,0.070000
105,977490,0.000000,-0.560000,0.070000
106,987014,0.000000,-0.490000,0.070000
107,996284,0.000000,-0.490000,0.070000
108,1005803,0.000000,-0.490000,0.070000
109,1015446,0.000000,-0.490000,0.070000
110,1024669,0.000000,-0.490000,0.070000
111,1034234,0.000000,-0.560000,0.070000
112,1043804,0.000000,-0.560000,0.070000
113,1053140,0.000000,-0.560000,0.070000
114,1062740,0.000000,-0.560000,0.070000
115,1071921,0.000000,-0.560000,0.070000
116,1081612,0.000000,-0.560000,0.070000
117,1090950,0.000000,-0.490000,0.070000
118,1100626,0.000000,-0.560000,0.070000
119,1109801,0.000000,-0.560000,0.070000
120,1119446,0.000000,-0.490000,0.070000
121,1128740,0.000000,-0.490000,0.070000
122,1138263,0.000000,-0.490000,0.070000
123,1147895,0.000000,-0.560000,0.070000
124,1157450,0.000000,-0.490000,0.070000
125,1166612,0.000000,-0.490000,0.070000
126,1176338,0.000000,-0.560000,0.070000
127,1185591,0.000000,-0.490000,0.070000
128,1195264,0.000000,-0.560000,0.070000
129,1204740,0.000000,-0.490000,0.070000
130,1214047,0.000000,-0.490000,0.070000
131,1223487,0.000000,-0.490000,0.070000
132,1233071,0.000000,-0.490000,0.070000
133,1242399,0.000000,-0.490000,0.070000
134,1252017,0.000000,-0.490000,0.070000
135,1261380,0.000000,-0.560000,0.070000
136,1270679,0.000000,-0.490000,0.070000
137,1280317,0.000000,-0.490000,0.070000
138,1289619,0.000000,-0.490000,0.070000
139,1299190,0.000000,-0.490000,0.070000
140,1308823,0.000000,-0.490000,0.070000
141,1318139,0.000000,-0.560000,0.070000
142,1327712,0.000000,-0.560000,0.070000
143,1337063,0.000000,-0.490000,0.070000
144,1346610,0.000000,-0.490000,0.070000
145,1355994,0.000000,-0.490000,0.070000
146,1365339,0.000000,-0.490000,0.070000
147,1374853,0.000000,-0.490000,0.070000
148,1384611,0.000000,-0.490000,0.070000
149,1393710,-0.070000,-0.490000,0.070000
150,1403331,-0.070000,-0.490000,0.070000
151,1412635,-0.070000,-0.490000,0.070000
152,1422171,0.000000,-0.490000,0.070000
153,1431677,0.000000,-0.490000,0.070000
154,1441204,0.000000,-0.490000,0.070000
155,1450859,0.000000,-0.490000,0.070000
156,1460186,0.000000,-0.490000,0.070000
157,1469533,0.000000,-0.490000,0.140000
158,1478936,0.000000,-0.490000,0.070000
159,1488448,0.000000,-0.490000,0.070000
160,1498128,0.000000,-0.490000,0.070000
161,1507450,0.000000,-0.490000,0.070000
162,1517079,0.000000,-0.490000,0.070000
163,1526275,0.000000,-0.490000,0.070000
164,1535706,0.000000,-0.490000,0.070000
165,1545512,0.000000,-0.490000,0.070000
166,1554973,0.000000,-0.490000,0.070000
167,1564062,0.000000,-0.490000,0.070000
168,1573677,-0.070000,-0.490000,0.070000
169,1583223,0.000000,-0.490000,0.070000
170,1592497,0.000000,-0.490000,0.070000
171,1602117,0.000000,-0.490000,0.070000
172,1611525,0.000000,-0.490000,0.070000
173,1621203,-0.070000,-0.490000,0.140000
174,1630462,0.000000,-0.490000,0.070000
175,1640021,0.000000,-0.490000,0.070000
176,1649335,0.000000,-0.490000,0.070000
177,1658742,0.000000,-0.490000,0.070000
178,1668435,0.000000,-0.490000,0.070000
179,1677744,0.000000,-0.490000,0.070000
180,1687358,0.000000,-0.490000,0.070000
181,1696780,-0.070000,-0.490000,0.070000
182,1706325,0.000000,-0.490000,0.070000
183,1715829,0.000000,-0.490000,0.070000
184,1725205,0.000000,-0.490000,0.070000
185,1734664,0.000000,-0.490000,0.070000
186,1743904,0.000000,-0.490000,0.070000
187,1753674,0.000000,-0.490000,0.070000
188,1762939,0.000000,-0.490000,0.070000
189,1772512,0.000000,-0.490000,0.070000
190,1781904,0.000000,-0.490000,0.070000
191,1791417,0.000000,-0.490000,0.070000
192,1800805,0.000000,-0.490000,0.070000
193,1810163,0.000000,-0.560000,0.070000
194,1819855,-0.070000,-0.490000,0.070000
195,1829182,0.000000,-0.490000,0.070000
196,1838830,0.000000,-0.490000,0.070000
197,1848327,0.000000,-0.490000,0.070000
198,1857692,0.000000,-0.490000,0.070000
199,1867269,0.000000,-0.490000,0.070000
200,1876683,0.000000,-0.490000,0.070000
201,1886202,0.000000,-0.490000,0.070000
202,1895634,0.000000,-0.490000,0.070000
203,1905015,0.000000,-0.490000,0.070000
204,1914393,0.000000,-0.490000,0.070000
205,1923870,0.000000,-0.490000,0.070000
206,1933203,0.000000,-0.490000,0.070000
207,1942880,0.000000,-0.490000,0.070000
208,1952442,0.000000,-0.490000,0.070000
209,1961735,0.000000,-0.420000,0.070000
210,1971300,0.000000,-0.490000,0.070000
211,1980736,0.000000,-0.490000,0.140000
212,1989989,0.000000,-0.490000,0.070000
213,1999701,0.000000,-0.490000,0.070000
214,2009056,0.000000,-0.560000,0.070000
215,2018412,0.000000,-0.490000,0.070000
216,2028180,0.000000,-0.490000,0.070000
217,2037375,0.000000,-0.560000,0.070000
218,2046924,0.000000,-0.560000,0.070000
219,2056608,0.000000,-0.490000,0.070000
220,2065753,0.000000,-0.490000,0.070000
221,2075320,0.000000,-0.490000,0.070000
222,2084664,0.000000,-0.490000,0.070000
223,2094201,0.000000,-0.490000,0.070000
224,2103848,0.000000,-0.490000,0.070000
225,2113277,0.000000,-0.490000,0.070000
226,2122480,0.000000,-0.490000,0.070000
227,2132076,0.000000,-0.490000,0.070000
228,2141608,0.000000,-0.490000,0.070000
229,2151259,0.000000,-0.560000,0.070000
230,2160443,0.000000,-0.560000,0.070000
231,2170076,-0.070000,-0.490000,0.070000
232,2179606,0.000000,-0.490000,0.070000
233,2188730,0.000000,-0.490000,0.070000
234,2198509,0.000000,-0.560000,0.070000
235,2207730,-0.070000,-0.490000,0.070000
236,2217249,0.000000,-0.490000,0.070000
237,2226730,0.000000,-0.560000,0.070000
238,2236294,0.000000,-0.490000,0.070000
239,2245913,0.000000,-0.490000,0.070000
240,2255065,0.000000,-0.490000,0.070000
241,2264674,-0.070000,-0.490000,0.070000
242,2274201,0.000000,-0.560000,0.140000
243,2283777,0.000000,-0.560000,0.070000
244,2293029,0.000000,-0.560000,0.070000
245,2302706,0.000000,-0.560000,0.070000
246,2312041,0.000000,-0.490000,0.070000
247,2321271,0.000000,-0.490000,0.070000
248,2331009,0.000000,-0.490000,0.070000
249,2340296,0.000000,-0.490000,0.070000
250,2350009,0.000000,-0.490000,0.070000
251,2359290,0.000000,-0.560000,0.070000
252,2368672,0.000000,-0.490000,0.070000
253,2378413,0.000000,-0.490000,0.070000
254,2387606,0.000000,-0.560000,0.070000
255,2397257,0.000000,-0.560000,0.070000
256,2406497,0.000000,-0.490000,0.070000
257,2416198,-0.070000,-0.490000,0.070000
258,2425736,0.000000,-0.490000,0.070000
259,2435022,0.000000,-0.560000,0.070000
260,2444580,0.000000,-0.560000,0.070000
261,2453794,0.000000,-0.490000,0.070000
262,2463439,0.000000,-0.560000,0.070000
263,2473007,0.000000,-0.560000,0.070000
264,2482216,0.000000,-0.490000,0.070000
265,2491726,0.000000,-0.490000,0.070000
266,2501457,0.000000,-0.560000,0.070000
267,2510726,0.000000,-0.560000,0.070000
268,2520339,0.000000,-0.560000,0.140000
269,2529512,0.000000,-0.560000,0.070000
270,2539129,0.000000,-0.490000,0.070000
271,2548724,0.000000,-0.490000,0.070000
272,2557913,0.000000,-0.490000,0.070000
273,2567600,0.000000,-0.490000,0.070000
274,2577034,0.000000,-0.490000,0.070000
275,2586325,0.000000,-0.490000,0.070000
276,2596004,0.000000,-0.490000,0.070000
277,2605560,0.000000,-0.490000,0.000000
278,2614791,0.000000,-0.560000,0.070000
279,2624366,0.000000,-0.490000,0.070000
280,2633916,0.000000,-0.490000,0.070000
281,2643071,0.000000,-0.490000,0.070000
282,2652792,0.000000,-0.490000,0.070000
283,2661983,0.000000,-0.490000,0.070000
284,2671625,-0.070000,-0.490000,0.070000
285,2680982,-0.070000,-0.420000,0.070000
286,2690600,-0.070000,-0.490000,0.070000
287,2699880,0.000000,-0.490000,0.070000
288,2709557,0.000000,-0.490000,0.070000
289,2718856,0.000000,-0.560000,0.070000
290,2728451,0.000000,-0.490000,0.070000
291,2738003,0.000000,-0.490000,0.070000
292,2747259,0.000000,-0.490000,0.070000
293,2756772,0.000000,-0.490000,0.070000
294,2766433,0.000000,-0.490000,0.070000
295,2775662,-0.070000,-0.490000,0.070000
296,2785033,0.000000,-0.490000,0.070000
297,2794720,0.000000,-0.490000,0.070000
298,2804045,0.000000,-0.490000,0.070000
299,2813721,0.000000,-0.490000,0.070000
300,2823030,0.000000,-0.490000,0.070000
301,2832667,0.000000,-0.560000,0.070000
302,2841978,0.000000,-0.490000,0.070000
303,2851327,0.000000,-0.490000,0.070000
304,2860914,0.000000,-0.490000,0.070000
305,2870433,-0.070000,-0.490000,0.070000
306,2879724,0.000000,-0.490000,0.070000
307,2889333,0.000000,-0.490000,0.070000
308,2898721,0.000000,-0.490000,0.070000
309,2908281,0.000000,-0.490000,0.140000
310,2917596,0.000000,-0.490000,0.070000
311,2927222,0.000000,-0.560000,0.070000
312,2936785,0.000000,-0.560000,0.070000
313,2946037,0.000000,-0.490000,0.070000
314,2955402,0.000000,-0.490000,0.070000
315,2965124,0.000000,-0.490000,0.070000
316,2974452,0.000000,-0.490000,0.070000
317,2983853,0.000000,-0.490000,0.000000
318,2993533,0.000000,-0.490000,0.070000
319,3003031,0.000000,-0.490000,0.070000
320,3012381,0.000000,-0.560000,0.070000
321,3021916,0.000000,-0.560000,0.070000
322,3031195,0.000000,-0.490000,0.070000
323,3040803,-0.070000,-0.490000,0.070000
324,3050113,0.000000,-0.490000,0.140000
325,3059661,0.000000,-0.490000,0.070000
326,3069029,0.000000,-0.490000,0.070000
327,3078787,0.000000,-0.490000,0.070000
328,3088065,0.000000,-0.490000,0.070000
329,3097724,0.000000,-0.490000,0.070000
330,3107033,0.000000,-0.490000,0.070000
331,3116379,0.000000,-0.490000,0.070000
332,3126125,0.000000,-0.490000,0.070000
333,3135399,0.000000,-0.490000,0.070000
334,3144668,0.000000,-0.490000,0.070000
335,3154317,0.000000,-0.490000,0.070000
336,3163851,0.000000,-0.490000,0.070000
337,3173448,0.000000,-0.560000,0.070000
338,3182830,0.000000,-0.490000,0.140000
339,3192378,0.000000,-0.490000,0.070000
340,3201519,0.000000,-0.490000,0.070000
341,3211089,0.000000,-0.490000,0.070000
342,3220722,0.000000,-0.490000,0.070000
343,3230147,0.000000,-0.490000,0.070000
344,3239378,0.000000,-0.490000,0.070000
345,3248974,0.000000,-0.490000,0.070000
346,3258326,0.000000,-0.490000,0.070000
347,3267782,0.000000,-0.490000,0.070000
348,3277493,0.000000,-0.490000,0.070000
349,3286992,0.000000,-0.490000,0.070000
350,3296220,0.000000,-0.490000,0.070000
351,3305925,0.000000,-0.490000,0.070000
352,3315429,0.000000,-0.490000,0.070000
353,3324723,0.000000,-0.490000,0.070000
354,3334169,0.000000,-0.560000,0.070000
355,3343498,0.000000,-0.490000,0.070000
356,3353214,0.000000,-0.490000,0.070000
357,3362666,0.000000,-0.490000,0.070000
358,3371974,0.000000,-0.490000,0.070000
359,3381398,0.000000,-0.490000,0.070000
360,3391117,0.000000,-0.490000,0.070000
361,3400400,-0.070000,-0.490000,0.070000
362,3409852,0.000000,-0.490000,0.070000
363,3419531,0.000000,-0.490000,0.070000
364,3428905,0.000000,-0.490000,0.070000
365,3438231,0.000000,-0.490000,0.070000
366,3447588,0.000000,-0.560000,0.70000
367,3491739,0.000000,-0.560000,0.070000
368,3495378,0.000000,-0.490000,0.070000
369,3504505,0.000000,-0.490000,0.070000
370,3513899,0.000000,-0.490000,0.070000
371,3523441,0.000000,-0.490000,0.070000
372,3533115,0.000000,-0.490000,0.140000
373,3542307,0.000000,-0.560000,0.070000
374,3551711,0.000000,-0.560000,0.070000
375,3561127,0.000000,-0.560000,0.070000
376,3570673,0.000000,-0.560000,0.070000
377,3580085,0.000000,-0.560000,0.140000
378,3589887,0.000000,-0.490000,0.070000
379,3599322,0.000000,-0.490000,0.070000
380,3608442,0.000000,-0.490000,0.070000
381,3618055,-0.070000,-0.490000,0.070000
382,3627421,0.000000,-0.490000,0.070000
383,3637179,0.000000,-0.490000,0.070000
384,3646307,0.000000,-0.490000,0.070000
385,3655989,0.000000,-0.560000,0.070000
386,3665584,0.000000,-0.490000,0.070000
387,3675018,0.000000,-0.490000,0.070000
388,3684408,0.000000,-0.490000,0.070000
389,3693730,0.000000,-0.560000,0.070000
390,3703372,0.000000,-0.490000,0.070000
391,3712632,0.000000,-0.490000,0.070000
392,3722187,-0.070000,-0.490000,0.070000
393,3731708,0.000000,-0.490000,0.070000
394,3741296,0.000000,-0.560000,0.070000
395,3750775,0.000000,-0.560000,0.070000
396,3760006,0.000000,-0.490000,0.070000
397,3769731,0.000000,-0.490000,0.070000
398,3778967,0.000000,-0.490000,0.070000
399,3788610,0.000000,-0.490000,0.070000
400,3797992,0.000000,-0.560000,0.070000
401,3807215,-0.070000,-0.560000,0.070000
402,3816904,0.000000,-0.490000,0.070000
403,3826524,0.000000,-0.560000,0.070000
404,3835869,0.000000,-0.490000,0.070000
405,3845302,0.000000,-0.490000,0.070000
406,3854772,0.000000,-0.490000,0.070000
407,3864259,0.000000,-0.560000,0.070000
408,3873706,0.000000,-0.560000,0.070000
409,3883017,0.000000,-0.490000,0.070000
410,3892729,0.000000,-0.490000,0.070000
411,3902056,0.000000,-0.490000,0.140000
412,3911331,0.000000,-0.560000,0.070000
413,3920862,0.000000,-0.490000,0.070000
414,3930462,0.000000,-0.560000,0.070000
415,3940068,-0.070000,-0.560000,0.070000
416,3949349,0.000000,-0.490000,0.070000
417,3958992,0.000000,-0.490000,0.070000
418,3968289,0.000000,-0.560000,0.070000
419,3977652,0.000000,-0.490000,0.070000
420,3987250,0.000000,-0.490000,0.070000
421,3996700,0.000000,-0.490000,0.070000
422,4006301,0.000000,-0.490000,0.070000
423,4015771,0.000000,-0.490000,0.070000
424,4025023,0.000000,-0.490000,0.070000
425,4034399,0.000000,-0.490000,0.070000
426,4043901,0.000000,-0.490000,0.070000
427,4053472,-0.070000,-0.490000,0.070000
428,4063112,0.000000,-0.490000,0.070000
429,4072244,0.000000,-0.490000,0.070000
430,4081916,0.000000,-0.490000,0.070000
431,4091509,0.000000,-0.490000,0.070000
432,4100804,-0.070000,-0.490000,0.070000
433,4110329,0.000000,-0.560000,0.070000
434,4119700,0.000000,-0.490000,0.070000
435,4129051,-0.070000,-0.490000,0.070000
436,4138512,0.000000,-0.490000,0.070000
437,4148296,0.000000,-0.490000,0.070000
438,4157466,0.000000,-0.490000,0.070000
439,4167114,0.000000,-0.490000,0.070000
440,4176673,0.000000,-0.560000,0.070000
441,4186032,0.000000,-0.490000,0.070000
442,4195580,0.000000,-0.490000,0.140000
443,4205109,0.000000,-0.490000,0.070000
444,4214368,0.000000,-0.490000,0.070000
445,4223878,-0.070000,-0.420000,0.070000
446,4233473,0.000000,-0.490000,0.070000
447,4242892,0.000000,-0.490000,0.070000
448,4252056,0.000000,-0.490000,0.070000
449,4261792,0.000000,-0.490000,0.070000
450,4270987,0.000000,-0.490000,0.070000
451,4280646,0.000000,-0.490000,0.070000
452,4289983,0.000000,-0.490000,0.070000
453,4299629,0.000000,-0.560000,0.070000
454,4309056,0.000000,-0.560000,0.070000
455,4318691,-0.070000,-0.490000,0.070000
456,4328108,0.000000,-0.490000,0.070000
457,4337434,0.000000,-0.490000,0.070000
458,4347050,0.000000,-0.560000,0.070000
459,4356244,0.000000,-0.490000,0.070000
460,4365846,0.000000,-0.490000,0.070000
461,4375455,0.000000,-0.490000,0.070000
462,4384705,0.000000,-0.490000,0.070000
463,4394300,0.000000,-0.490000,0.070000
464,4403828,0.000000,-0.490000,0.070000
465,4413003,0.000000,-0.490000,0.070000
466,4422663,0.000000,-0.560000,0.070000
467,4432051,0.000000,-0.560000,0.070000
468,4441707,0.000000,-0.490000,0.070000
469,4451179,0.000000,-0.490000,0.070000
470,4460430,0.000000,-0.490000,0.070000
471,4469984,0.000000,-0.490000,0.070000
472,4479259,0.000000,-0.490000,0.070000
473,4488729,0.000000,-0.490000,0.070000
474,4498432,0.000000,-0.490000,0.070000
475,4507984,-0.070000,-0.490000,0.070000
476,4517306,0.000000,-0.490000,0.070000
477,4526793,0.000000,-0.490000,0.070000
478,4536028,0.000000,-0.490000,0.070000
479,4545644,0.070000,-0.490000,0.070000
480,4555010,0.000000,-0.490000,0.070000
481,4564697,0.000000,-0.490000,0.070000
482,4574017,0.000000,-0.490000,0.070000
483,4583705,0.000000,-0.560000,0.070000
484,4593076,-0.070000,-0.490000,0.070000
485,4602579,0.000000,-0.490000,0.070000
486,4611890,0.000000,-0.490000,0.070000
487,4621178,0.000000,-0.490000,0.070000
488,4630709,0.000000,-0.490000,0.070000
489,4640365,0.000000,-0.490000,0.140000
490,4649874,-0.070000,-0.560000,0.070000
491,4659306,-0.070000,-0.490000,0.070000
492,4668703,0.000000,-0.490000,0.070000
493,4677979,0.000000,-0.490000,0.140000
494,4687578,0.000000,-0.490000,0.070000
495,4697190,0.000000,-0.490000,0.070000
496,4706366,0.000000,-0.490000,0.070000
497,4716045,0.000000,-0.490000,0.070000
498,4725591,0.000000,-0.490000,0.070000
499,4735008,0.000000,-0.490000,0.070000
500,4744592,0.000000,-0.490000,0.070000
501,4753957,0.000000,-0.560000,0.070000
502,4763393,0.000000,-0.490000,0.070000
503,4772979,0.000000,-0.560000,0.070000
504,4782380,-0.070000,-0.490000,0.070000
505,4791631,0.000000,-0.490000,0.070000
506,4801283,0.000000,-0.560000,0.070000
507,4810822,0.000000,-0.560000,0.070000
508,4820125,0.000000,-0.490000,0.070000
509,4829622,0.000000,-0.560000,0.070000
510,4839262,0.000000,-0.560000,0.140000
511,4848703,0.000000,-0.490000,0.070000
512,4857987,0.000000,-0.490000,0.070000
513,4867428,-0.070000,-0.490000,0.070000
514,4876783,0.000000,-0.490000,0.070000
515,4886362,0.000000,-0.490000,0.070000
516,4896041,0.000000,-0.490000,0.070000
517,4905260,0.000000,-0.490000,0.070000
518,4914976,0.000000,-0.490000,0.070000
519,4924258,0.000000,-0.490000,0.070000
520,4933572,0.000000,-0.490000,0.070000
521,4943271,0.000000,-0.490000,0.070000
522,4952829,0.000000,-0.490000,0.070000
523,4962222,0.000000,-0.490000,0.070000
524,4971472,0.000000,-0.490000,0.070000
525,4981222,0.000000,-0.490000,0.070000
526,4990699,0.000000,-0.490000,0.070000
527,5000003,0.000000,-0.490000,0.070000
528,5009376,0.000000,-0.490000,0.070000
529,5018809,0.000000,-0.490000,0.070000
530,5028217,0.000000,-0.490000,0.140000
531,5037973,0.000000,-0.490000,0.070000
532,5047219,-0.070000,-0.490000,0.070000
533,5056705,0.000000,-0.490000,0.140000
534,5066144,-0.070000,-0.490000,0.070000
535,5075856,-0.070000,-0.560000,0.070000
536,5085295,-0.070000,-0.490000,0.070000
537,5094569,0.000000,-0.490000,0.070000
538,5104005,0.000000,-0.490000,0.070000
539,5113692,0.000000,-0.490000,0.070000
540,5123009,0.000000,-0.490000,0.070000
541,5132291,0.000000,-0.490000,0.070000
542,5141973,0.000000,-0.490000,0.070000
543,5151289,0.000000,-0.490000,0.070000
544,5160760,0.000000,-0.560000,0.070000
545,5170408,0.000000,-0.490000,0.070000
546,5179694,0.000000,-0.490000,0.070000
547,5189285,0.000000,-0.560000,0.070000
548,5198697,0.000000,-0.490000,0.070000
549,5208338,0.000000,-0.490000,0.070000
550,5217530,0.000000,-0.490000,0.070000
551,5227166,0.000000,-0.490000,0.070000
552,5236696,0.000000,-0.490000,0.070000
553,5246181,0.000000,-0.490000,0.070000
554,5255570,0.000000,-0.490000,0.070000
555,5265121,0.000000,-0.490000,0.070000
556,5274570,0.000000,-0.490000,0.070000
557,5283725,0.000000,-0.490000,0.070000
558,5293528,0.000000,-0.490000,0.070000
559,5302641,0.000000,-0.490000,0.070000
560,5312285,0.000000,-0.490000,0.070000
561,5321574,0.000000,-0.490000,0.070000
562,5331354,-0.070000,-0.490000,0.070000
563,5340624,0.000000,-0.490000,0.070000
564,5350210,0.000000,-0.490000,0.070000
565,5359758,-0.070000,-0.490000,0.070000
566,5369181,-0.070000,-0.490000,0.070000
567,5378568,0.000000,-0.490000,0.070000
568,5387824,0.000000,-0.490000,0.070000
569,5397403,0.000000,-0.490000,0.070000
570,5407094,0.000000,-0.490000,0.070000
571,5416421,0.000000,-0.490000,0.070000
572,5426022,0.000000,-0.560000,0.070000
573,5435295,0.000000,-0.490000,0.070000
574,5444971,0.000000,-0.490000,0.070000
575,5454296,0.000000,-0.490000,0.070000
576,5463567,-0.070000,-0.490000,0.070000
577,5473248,0.000000,-0.490000,0.070000
578,5482567,-0.070000,-0.490000,0.070000
579,5492207,0.000000,-0.560000,0.070000
580,5501699,0.000000,-0.490000,0.070000
581,5511087,0.000000,-0.490000,0.070000
582,5520372,0.000000,-0.490000,0.070000
583,5530095,0.000000,-0.490000,0.070000
584,5539654,0.000000,-0.490000,0.070000
585,5548949,0.000000,-0.490000,0.070000
586,5558439,0.000000,-0.490000,0.070000
587,5567692,0.000000,-0.490000,0.070000
588,5577196,0.000000,-0.420000,0.070000
589,5586721,0.000000,-0.490000,0.070000
590,5596354,0.000000,-0.490000,0.070000
591,5605882,0.000000,-0.490000,0.070000
592,5615107,0.000000,-0.490000,0.140000
593,5624758,0.000000,-0.490000,0.070000
594,5634037,0.000000,-0.420000,0.070000
595,5643721,0.000000,-0.490000,0.070000
596,5653042,0.000000,-0.490000,0.070000
597,5662376,0.000000,-0.490000,0.070000
598,5672036,0.000000,-0.420000,0.140000
599,5681317,0.000000,-0.490000,0.070000
600,5691093,0.000000,-0.490000,0.070000
601,5700419,0.000000,-0.490000,0.070000
602,5709969,0.000000,-0.490000,0.070000
603,5719331,0.000000,-0.490000,0.070000
604,5728813,0.000000,-0.490000,0.070000
605,5738016,0.000000,-0.490000,0.070000
606,5747565,0.000000,-0.490000,0.070000
607,5757093,0.000000,-0.490000,0.070000
608,5766419,0.000000,-0.490000,0.070000
609,5776092,0.070000,-0.490000,0.070000
610,5785355,0.000000,-0.490000,0.070000
611,5795093,-0.070000,-0.490000,0.070000
612,5804331,-0.070000,-0.490000,0.070000
613,5813755,0.000000,-0.490000,0.070000
614,5823280,-0.070000,-0.490000,0.070000
615,5832899,-0.070000,-0.490000,0.070000
616,5842158,-0.070000,-0.420000,0.070000
617,5851631,-0.070000,-0.490000,0.070000
618,5861140,0.000000,-0.490000,0.140000
619,5870822,0.000000,-0.490000,0.070000
620,5880081,0.000000,-0.490000,0.070000
621,5889778,-0.070000,-0.490000,0.000000
622,5898927,0.000000,-0.490000,0.070000
623,5908592,0.000000,-0.490000,0.070000
624,5917874,-0.070000,-0.560000,0.140000
625,5927693,0.000000,-0.490000,0.140000
626,5937040,0.000000,-0.490000,0.070000
627,5946636,0.000000,-0.490000,0.070000
628,5955841,0.000000,-0.560000,0.070000
629,5965443,0.000000,-0.490000,0.07000
630,6009533,0.000000,-0.560000,0.070000
631,6013910,0.000000,-0.490000,0.070000
632,6022139,0.000000,-0.490000,0.070000
633,6031822,0.000000,-0.490000,0.140000
634,6040909,0.000000,-0.490000,0.140000
635,6050388,0.000000,-0.490000,0.140000
636,6059821,0.000000,-0.490000,0.070000
637,6069630,0.000000,-0.490000,0.070000
638,6078945,0.000000,-0.490000,0.070000
639,6088288,0.000000,-0.490000,0.070000
640,6097846,0.000000,-0.490000,0.070000
641,6107515,0.000000,-0.490000,0.070000
642,6116753,0.000000,-0.490000,0.070000
643,6126273,0.000000,-0.490000,0.070000
644,6135686,0.000000,-0.490000,0.140000
645,6145351,0.000000,-0.490000,0.070000
646,6154561,0.000000,-0.490000,0.070000
647,6164058,0.000000,-0.490000,0.070000
648,6173645,0.000000,-0.490000,0.070000
649,6182943,0.000000,-0.490000,0.070000
650,6192520,0.000000,-0.490000,0.070000
651,6201998,0.000000,-0.490000,0.070000
652,6211481,0.000000,-0.490000,0.070000
653,6221089,0.000000,-0.420000,0.070000
654,6230369,0.000000,-0.490000,0.070000
655,6239876,0.000000,-0.560000,0.070000
656,6249279,0.000000,-0.490000,0.070000
657,6258943,0.000000,-0.490000,0.070000
658,6268174,0.000000,-0.490000,0.070000
659,6277784,-0.070000,-0.490000,0.070000
660,6287223,0.000000,-0.490000,0.070000
661,6296685,0.000000,-0.490000,0.070000
662,6306112,0.000000,-0.490000,0.070000
663,6315561,0.000000,-0.490000,0.070000
664,6324972,0.000000,-0.490000,0.070000
665,6334561,-0.070000,-0.490000,0.070000
666,6343987,-0.070000,-0.490000,0.070000
667,6353456,0.000000,-0.490000,0.070000
668,6363049,0.000000,-0.560000,0.070000
669,6372296,0.000000,-0.490000,0.070000
670,6382012,0.000000,-0.560000,0.070000
671,6391282,0.000000,-0.490000,0.070000
672,6400560,0.000000,-0.490000,0.140000
673,6410154,0.000000,-0.420000,0.070000
674,6419818,0.000000,-0.490000,0.070000
675,6429222,0.000000,-0.560000,0.070000
676,6438415,0.000000,-0.490000,0.140000
677,6448090,0.000000,-0.490000,0.070000
678,6457645,0.000000,-0.490000,0.070000
679,6466995,0.000000,-0.490000,0.070000
680,6476482,-0.070000,-0.490000,0.070000
681,6485943,0.000000,-0.490000,0.070000
682,6495284,0.000000,-0.490000,0.070000
683,6504880,0.000000,-0.490000,0.070000
684,6514184,0.000000,-0.490000,0.070000
685,6523800,0.000000,-0.490000,0.070000
686,6533101,0.000000,-0.490000,0.070000
687,6542877,0.000000,-0.490000,0.070000
688,6552205,0.000000,-0.560000,0.070000
689,6561561,0.000000,-0.490000,0.070000
690,6571078,0.000000,-0.490000,0.070000
691,6580707,0.000000,-0.490000,0.070000
692,6589993,0.000000,-0.490000,0.070000
693,6599650,0.000000,-0.420000,0.070000
694,6608994,0.000000,-0.490000,0.070000
695,6618280,0.000000,-0.560000,0.070000
696,6627966,0.000000,-0.560000,0.070000
697,6637349,0.000000,-0.560000,0.070000
698,6646655,0.000000,-0.490000,0.070000
699,6656215,0.000000,-0.490000,0.070000
700,6665819,0.000000,-0.490000,0.070000
701,6675101,0.000000,-0.490000,0.070000
702,6684895,0.000000,-0.490000,0.140000
703,6694069,0.000000,-0.490000,0.070000
704,6703800,0.000000,-0.560000,0.070000
705,6713091,-0.070000,-0.490000,0.070000
706,6722751,-0.070000,-0.490000,0.070000
707,6732157,-0.070000,-0.490000,0.070000
708,6741689,0.000000,-0.490000,0.070000
709,6750994,-0.070000,-0.490000,0.070000
710,6760240,0.000000,-0.490000,0.070000
711,6769790,0.000000,-0.560000,0.140000
712,6779222,0.000000,-0.560000,0.140000
713,6788964,0.000000,-0.490000,0.070000
714,6798160,0.000000,-0.490000,0.070000
715,6807771,0.000000,-0.490000,0.140000
716,6817173,0.000000,-0.490000,0.070000
717,6826837,0.000000,-0.420000,0.070000
718,6836172,0.000000,-0.490000,0.070000
719,6845476,0.000000,-0.490000,0.070000
720,6855211,0.000000,-0.560000,0.070000
721,6864431,0.000000,-0.490000,0.140000
722,6874087,0.000000,-0.490000,0.070000
723,6883345,0.000000,-0.490000,0.070000
724,6892961,0.000000,-0.490000,0.070000
725,6902584,0.000000,-0.560000,0.070000
726,6911872,0.000000,-0.490000,0.070000
727,6921399,-0.070000,-0.490000,0.070000
728,6930682,0.000000,-0.560000,0.070000
729,6940209,0.000000,-0.560000,0.140000
730,6949751,0.000000,-0.490000,0.070000
731,6959269,0.000000,-0.490000,0.070000
732,6968768,0.000000,-0.490000,0.070000
733,6978222,0.000000,-0.490000,0.070000
734,6987415,-0.070000,-0.490000,0.070000
735,6997084,0.000000,-0.490000,0.070000
736,7006557,0.000000,-0.490000,0.070000
737,7015868,0.000000,-0.490000,0.070000
738,7025584,-0.070000,-0.490000,0.070000
739,7035008,-0.070000,-0.560000,0.070000
740,7044242,0.000000,-0.490000,0.070000
741,7053753,0.000000,-0.490000,0.070000
742,7063248,-0.070000,-0.490000,0.070000
743,7072558,0.000000,-0.490000,0.070000
744,7082296,0.000000,-0.490000,0.070000
745,7091873,0.000000,-0.490000,0.070000
746,7101114,0.000000,-0.490000,0.070000
747,7110683,0.000000,-0.490000,0.070000
748,7119938,0.000000,-0.490000,0.070000
749,7129426,-0.070000,-0.490000,0.070000
750,7139083,0.000000,-0.490000,0.070000
751,7148555,0.000000,-0.490000,0.070000
752,7158082,0.000000,-0.490000,0.070000
753,7167571,0.000000,-0.490000,0.070000
754,7177045,-0.070000,-0.560000,0.070000
755,7186252,0.000000,-0.560000,0.070000
756,7195812,0.000000,-0.560000,0.070000
757,7205163,0.000000,-0.560000,0.070000
758,7214747,0.000000,-0.490000,0.070000
759,7224007,0.000000,-0.490000,0.070000
760,7233703,0.000000,-0.490000,0.070000
761,7243005,0.000000,-0.490000,0.070000
762,7252781,0.000000,-0.560000,0.070000
763,7262029,0.000000,-0.490000,0.070000
764,7271569,0.000000,-0.490000,0.070000
765,7280917,0.000000,-0.490000,0.070000
766,7290558,0.000000,-0.490000,0.070000
767,7299801,0.000000,-0.490000,0.070000
768,7309408,0.000000,-0.490000,0.070000
769,7319023,0.000000,-0.490000,0.070000
770,7328359,0.000000,-0.490000,0.070000
771,7337853,0.000000,-0.490000,0.070000
772,7347395,0.000000,-0.490000,0.070000
773,7356556,0.000000,-0.490000,0.070000
774,7366149,0.000000,-0.490000,0.070000
775,7375685,0.000000,-0.490000,0.070000
776,7384937,0.000000,-0.490000,0.070000
777,7394640,0.000000,-0.560000,0.070000
778,7403940,0.000000,-0.490000,0.070000
779,7413554,0.000000,-0.490000,0.070000
780,7422815,0.000000,-0.490000,0.070000
781,7432561,-0.070000,-0.490000,0.070000
782,7442006,0.000000,-0.490000,0.070000
783,7451219,0.000000,-0.490000,0.070000
784,7460745,0.000000,-0.490000,0.070000
785,7470399,0.000000,-0.490000,0.070000
786,7479793,0.000000,-0.560000,0.070000
787,7489389,0.000000,-0.490000,0.070000
788,7498555,0.000000,-0.490000,0.070000
789,7508082,-0.070000,-0.490000,0.140000
790,7517708,0.000000,-0.560000,0.070000
791,7526938,0.000000,-0.560000,0.070000
792,7536362,0.000000,-0.490000,0.000000
793,7545964,0.000000,-0.490000,0.070000
794,7555469,0.000000,-0.560000,0.070000
795,7564803,0.000000,-0.490000,0.070000
796,7574239,0.000000,-0.490000,0.070000
797,7583892,0.000000,-0.490000,0.140000
798,7593198,-0.070000,-0.490000,0.070000
799,7602870,0.000000,-0.490000,0.070000
800,7612241,0.000000,-0.490000,0.070000
801,7621869,0.000000,-0.490000,0.070000
802,7631286,0.000000,-0.490000,0.070000
803,7640678,0.000000,-0.490000,0.070000
804,7649963,0.000000,-0.490000,0.070000
805,7659678,-0.070000,-0.490000,0.070000
806,7668872,-0.070000,-0.490000,0.070000
807,7678551,0.000000,-0.490000,0.070000
808,7687801,0.000000,-0.490000,0.070000
809,7697377,0.000000,-0.490000,0.070000
810,7706957,-0.070000,-0.490000,0.070000
811,7716300,0.000000,-0.490000,0.070000
812,7725811,0.000000,-0.560000,0.070000
813,7735176,0.000000,-0.490000,0.070000
814,7744849,0.000000,-0.560000,0.070000
815,7754215,0.000000,-0.490000,0.070000
816,7763619,0.000000,-0.490000,0.070000
817,7773273,0.000000,-0.490000,0.070000
818,7782473,-0.070000,-0.490000,0.070000
819,7792148,0.000000,-0.560000,0.070000
820,7801560,0.000000,-0.560000,0.070000
821,7810936,0.000000,-0.490000,0.070000
822,7820582,0.000000,-0.490000,0.070000
823,7830026,0.000000,-0.490000,0.070000
824,7839277,-0.070000,-0.490000,0.070000
825,7848958,-0.070000,-0.490000,0.070000
826,7858252,0.000000,-0.490000,0.070000
827,7867958,0.000000,-0.490000,0.070000
828,7877437,0.000000,-0.490000,0.070000
829,7886553,0.000000,-0.490000,0.070000
830,7896112,0.000000,-0.490000,0.070000
831,7905553,0.000000,-0.560000,0.070000
832,7915032,0.000000,-0.490000,0.070000
833,7924407,0.000000,-0.420000,0.070000
834,7933985,0.000000,-0.490000,0.070000
835,7943468,-0.070000,-0.490000,0.070000
836,7952989,0.000000,-0.490000,0.070000
837,7962553,0.000000,-0.490000,0.070000
838,7971991,0.000000,-0.490000,0.070000
839,7981420,0.000000,-0.560000,0.070000
840,7990743,-0.070000,-0.490000,0.070000
841,8000496,-0.070000,-0.560000,0.070000
842,8009862,0.000000,-0.560000,0.070000
843,8019185,0.000000,-0.490000,0.070000
844,8028780,0.000000,-0.490000,0.140000
845,8038340,0.000000,-0.490000,0.070000
846,8047677,0.000000,-0.560000,0.070000
847,8056937,0.000000,-0.490000,0.070000
848,8066588,0.000000,-0.490000,0.070000
849,8076150,-0.070000,-0.490000,0.070000
850,8085564,0.000000,-0.490000,0.070000
851,8095147,0.000000,-0.490000,0.070000
852,8104342,0.000000,-0.490000,0.070000
853,8113890,0.000000,-0.490000,0.070000
854,8123531,0.000000,-0.490000,0.070000
855,8132916,0.000000,-0.490000,0.070000
856,8142166,0.000000,-0.490000,0.070000
857,8151874,0.000000,-0.490000,0.070000
858,8161196,0.000000,-0.490000,0.070000
859,8170764,0.000000,-0.490000,0.070000
860,8180147,-0.070000,-0.490000,0.070000
861,8189766,0.000000,-0.560000,0.070000
862,8199176,0.000000,-0.490000,0.070000
863,8208680,0.000000,-0.490000,0.070000
864,8217985,0.000000,-0.490000,0.070000
865,8227513,0.000000,-0.490000,0.070000
866,8236866,0.000000,-0.560000,0.140000
867,8246461,0.000000,-0.490000,0.070000
868,8255802,0.000000,-0.560000,0.070000
869,8265518,0.000000,-0.490000,0.070000
870,8274956,0.000000,-0.490000,0.070000
871,8284090,0.000000,-0.490000,0.070000
872,8293606,0.000000,-0.560000,0.070000
873,8303266,0.000000,-0.490000,0.070000
874,8312470,0.000000,-0.560000,0.070000
875,8322205,-0.070000,-0.560000,0.070000
876,8331553,0.000000,-0.490000,0.070000
877,8341147,0.000000,-0.490000,0.070000
878,8350683,0.000000,-0.490000,0.070000
879,8360153,0.000000,-0.490000,0.070000
880,8369409,0.000000,-0.560000,0.070000
881,8379082,0.000000,-0.490000,0.140000
882,8388397,0.000000,-0.490000,0.070000
883,8398004,0.000000,-0.490000,0.070000
884,8407217,0.000000,-0.490000,0.070000
885,8416957,0.000000,-0.490000,0.070000
886,8426167,0.000000,-0.490000,0.070000
887,8435801,0.000000,-0.490000,0.070000
888,8445175,0.000000,-0.490000,0.070000
889,8454811,0.000000,-0.560000,0.070000
890,8464231,0.000000,-0.490000,0.070000
891,8473746,0.000000,-0.490000,0.070000
892,8483090,0.000000,-0.490000,0.070000
893,8492285,0.000000,-0.490000,0.070000
894,8502020,0.000000,-0.490000,0.070000
895,8511338,0.000000,-0.560000,0.070000
896,8520868,0.000000,-0.490000,0.070000
897,8530165,0.000000,-0.490000,0.070000
898,8539667,0.000000,-0.490000,0.070000
899,8549410,0.000000,-0.490000,0.070000
900,8558637,0.000000,-0.490000,0.070000
901,8568287,0.000000,-0.490000,0.070000
902,8577844,0.000000,-0.490000,0.070000
903,8587107,0.000000,-0.490000,0.070000
904,8596742,0.000000,-0.490000,0.070000
905,8605933,0.000000,-0.490000,0.070000
906,8615679,0.000000,-0.490000,0.070000
907,8625049,0.000000,-0.490000,0.070000
908,8634287,0.000000,-0.490000,0.070000
909,8643955,0.000000,-0.490000,0.070000
910,8653213,0.000000,-0.490000,0.070000
911,8662955,0.000000,-0.490000,0.140000
912,8672359,0.000000,-0.490000,0.070000
913,8681677,0.000000,-0.490000,0.070000
914,8691429,0.000000,-0.490000,0.070000
915,8700556,0.000000,-0.490000,0.070000
916,8710370,0.000000,-0.560000,0.070000
917,8719832,-0.070000,-0.560000,0.070000
918,8729022,0.000000,-0.490000,0.070000
919,8738724,-0.070000,-0.490000,0.070000
920,8748026,0.000000,-0.490000,0.070000
921,8757620,0.000000,-0.560000,0.070000
922,8767038,0.000000,-0.490000,0.070000
923,8776406,0.000000,-0.490000,0.070000
924,8786078,0.000000,-0.490000,0.070000
925,8795551,0.000000,-0.560000,0.070000
926,8804829,0.000000,-0.490000,0.070000
927,8814236,0.000000,-0.490000,0.070000
928,8823674,0.000000,-0.560000,0.070000
929,8833267,-0.070000,-0.560000,0.070000
930,8842485,0.000000,-0.490000,0.070000
931,8852060,-0.070000,-0.490000,0.070000
932,8861617,0.000000,-0.490000,0.070000
933,8871001,0.000000,-0.490000,0.070000
934,8880635,0.000000,-0.490000,0.070000
935,8889986,-0.070000,-0.490000,0.070000
936,8899550,0.000000,-0.560000,0.070000
937,8908958,0.000000,-0.560000,0.070000
938,8918298,0.000000,-0.560000,0.070000
939,8927814,0.000000,-0.490000,0.070000
940,8937428,0.000000,-0.490000,0.070000
941,8946676,0.000000,-0.490000,0.070000
942,8956388,0.000000,-0.490000,0.070000
943,8965550,-0.070000,-0.560000,0.070000
944,8975022,0.000000,-0.560000,0.070000
945,8984553,0.000000,-0.490000,0.070000
946,8994191,0.000000,-0.560000,0.070000
947,9003702,0.000000,-0.560000,0.070000
948,9012984,0.000000,-0.560000,0.070000
949,9022316,0.000000,-0.490000,0.070000
950,9031954,0.000000,-0.490000,0.070000
951,9041618,-0.070000,-0.490000,0.070000
952,9051038,0.000000,-0.490000,0.070000
953,9060215,0.000000,-0.490000,0.070000
954,9069954,0.000000,-0.490000,0.070000
955,9079336,0.000000,-0.490000,0.140000
956,9088797,-0.070000,-0.490000,0.070000
957,9098046,0.000000,-0.560000,0.070000
958,9107702,0.000000,-0.490000,0.070000
959,9117273,0.000000,-0.490000,0.070000
960,9126614,0.000000,-0.490000,0.070000
961,9136047,0.000000,-0.490000,0.070000
962,9145363,0.000000,-0.490000,0.070000
963,9154954,0.000000,-0.490000,0.070000
964,9164407,0.000000,-0.490000,0.070000
965,9174143,0.000000,-0.490000,0.070000
966,9183377,0.000000,-0.490000,0.070000
967,9192740,0.000000,-0.560000,0.070000
968,9202387,0.000000,-0.490000,0.070000
969,9211614,0.000000,-0.490000,0.070000
970,9221258,-0.070000,-0.490000,0.070000
971,9230739,0.000000,-0.490000,0.070000
972,9240260,0.000000,-0.490000,0.070000
973,9249828,0.000000,-0.490000,0.070000
974,9259022,0.000000,-0.490000,0.070000
975,9268679,0.000000,-0.490000,0.070000
976,9278024,0.000000,-0.490000,0.140000
977,9287706,0.000000,-0.490000,0.070000
978,9296809,-0.070000,-0.490000,0.140000
979,9306551,0.000000,-0.490000,0.070000
980,9316048,0.000000,-0.490000,0.070000
981,9325356,0.000000,-0.490000,0.140000
982,9334964,0.000000,-0.490000,0.070000
983,9344281,0.000000,-0.490000,0.070000
984,9353682,-0.070000,-0.490000,0.070000
985,9363193,0.000000,-0.490000,0.070000
986,9372869,0.000000,-0.490000,0.070000
987,9382193,0.000000,-0.560000,0.070000
988,9391788,0.000000,-0.560000,0.070000
989,9401147,0.000000,-0.560000,0.140000
990,9410740,0.000000,-0.560000,0.070000
991,9420144,0.000000,-0.490000,0.070000
992,9429336,0.000000,-0.490000,0.140000
993,9438865,0.000000,-0.490000,0.070000
994,9448278,0.000000,-0.490000,0.070000
995,9457830,-0.070000,-0.490000,0.070000
996,9467268,0.000000,-0.490000,0.070000
997,9476804,0.000000,-0.490000,0.070000
998,9486489,0.00000,-0.490000,0.070000
999,9530951,-0.070000,-0.490000,0.070000
1000,9534590,0.000000,-0.560000,0.070000
